Date,Bullish,Neutral,Bearish
1987-07-24,36.0%,50.0%,14.0%
1987-07-31,26.0%,48.0%,26.0%
1987-08-07,56.0%,15.0%,29.0%
1987-08-14,45.0%,35.0%,20.0%
1987-08-21,66.0%,28.0%,6.0%
1987-08-28,52.0%,18.0%,30.0%
1987-09-04,42.0%,17.0%,41.0%
1987-09-11,50.0%,23.0%,27.0%
1987-09-18,60.0%,29.0%,11.0%
1987-09-25,53.0%,17.0%,30.0%
1987-10-02,44.0%,26.0%,30.0%
1987-10-09,46.0%,39.0%,15.0%
1987-10-16,37.0%,30.0%,33.0%
1987-10-23,39.0%,30.0%,31.0%
1987-10-30,44.0%,23.0%,33.0%
1987-11-06,47.0%,31.0%,22.0%
1987-11-13,31.0%,41.0%,28.0%
1987-11-20,39.0%,42.0%,19.0%
1987-11-27,27.0%,46.0%,27.0%
1987-12-04,25.0%,33.0%,42.0%
1987-12-11,23.0%,45.0%,32.0%
1987-12-18,33.0%,40.0%,27.0%
1987-12-24,28.0%,52.0%,20.0%
1987-12-31,25.0%,49.0%,26.0%
1988-01-08,34.0%,46.0%,20.0%
1988-01-15,34.0%,40.0%,26.0%
1988-01-22,21.0%,48.0%,31.0%
1988-01-29,26.0%,45.0%,29.0%
1988-02-05,32.0%,53.0%,15.0%
1988-02-12,32.0%,46.0%,22.0%
1988-02-19,27.0%,49.0%,24.0%
1988-02-26,30.0%,51.0%,19.0%
1988-03-04,38.0%,40.0%,22.0%
1988-03-11,43.0%,40.0%,17.0%
1988-03-18,41.0%,49.0%,10.0%
1988-03-25,45.0%,38.0%,17.0%
1988-04-01,35.0%,45.0%,20.0%
1988-04-08,33.0%,48.0%,19.0%
1988-04-15,23.0%,53.0%,24.0%
1988-04-22,23.0%,57.0%,20.0%
1988-04-29,22.0%,48.0%,30.0%
1988-05-06,38.0%,42.0%,20.0%
1988-05-13,19.0%,56.0%,25.0%
1988-05-20,23.0%,52.0%,25.0%
1988-05-27,28.0%,52.0%,20.0%
1988-06-03,26.0%,62.0%,12.0%
1988-06-10,28.0%,49.0%,23.0%
1988-06-17,29.0%,50.0%,21.0%
1988-06-24,33.0%,44.0%,23.0%
1988-07-01,45.0%,38.0%,17.0%
1988-07-08,35.0%,50.0%,15.0%
1988-07-15,26.0%,37.0%,37.0%
1988-07-22,16.0%,58.0%,26.0%
1988-07-29,23.0%,54.0%,23.0%
1988-08-05,21.0%,49.0%,30.0%
1988-08-12,26.0%,48.0%,26.0%
1988-08-19,19.0%,53.0%,28.0%
1988-08-26,28.0%,40.0%,32.0%
1988-09-02,18.0%,43.0%,39.0%
1988-09-09,17.0%,52.0%,31.0%
1988-09-16,24.0%,46.0%,30.0%
1988-09-23,20.0%,53.0%,27.0%
1988-09-30,26.0%,44.0%,30.0%
1988-10-07,13.0%,49.0%,38.0%
1988-10-14,22.0%,46.0%,32.0%
1988-10-21,26.0%,51.0%,23.0%
1988-10-28,40.0%,38.0%,22.0%
1988-11-04,35.0%,46.0%,19.0%
1988-11-11,23.0%,56.0%,21.0%
1988-11-18,30.0%,34.0%,36.0%
1988-11-25,17.0%,44.0%,39.0%
1988-12-02,19.0%,47.0%,34.0%
1988-12-09,17.0%,44.0%,39.0%
1988-12-16,24.0%,54.0%,22.0%
1988-12-23,22.0%,46.0%,32.0%
1988-12-30,24.0%,54.0%,22.0%
1989-01-06,26.0%,51.0%,23.0%
1989-01-13,36.0%,44.0%,20.0%
1989-01-20,36.0%,47.0%,17.0%
1989-01-27,32.0%,49.0%,19.0%
1989-02-03,33.0%,44.0%,23.0%
1989-02-10,43.0%,31.0%,26.0%
1989-02-17,42.0%,41.0%,17.0%
1989-02-24,29.0%,45.0%,26.0%
1989-03-03,29.0%,35.0%,36.0%
1989-03-10,13.0%,52.0%,35.0%
1989-03-17,28.0%,43.0%,29.0%
1989-03-23,29.0%,41.0%,30.0%
1989-03-31,18.0%,42.0%,40.0%
1989-04-07,23.0%,45.0%,32.0%
1989-04-14,25.0%,42.0%,33.0%
1989-04-21,21.0%,51.0%,28.0%
1989-04-28,31.0%,40.0%,29.0%
1989-05-05,30.0%,40.0%,30.0%
1989-05-12,38.0%,43.0%,19.0%
1989-05-19,43.0%,38.0%,19.0%
1989-05-26,48.0%,31.0%,21.0%
1989-06-02,42.0%,27.0%,31.0%
1989-06-09,43.0%,34.0%,23.0%
1989-06-16,32.0%,37.0%,31.0%
1989-06-23,33.0%,22.0%,45.0%
1989-06-30,40.0%,34.0%,26.0%
1989-07-07,37.0%,32.0%,31.0%
1989-07-14,22.0%,30.0%,48.0%
1989-07-21,32.0%,39.0%,29.0%
1989-07-28,41.0%,25.0%,34.0%
1989-08-04,35.0%,30.0%,35.0%
1989-08-11,53.0%,21.0%,26.0%
1989-08-18,35.0%,28.0%,37.0%
1989-08-25,45.0%,24.0%,31.0%
1989-09-01,34.0%,30.0%,36.0%
1989-09-08,30.0%,30.0%,40.0%
1989-09-15,31.0%,44.0%,25.0%
1989-09-22,24.0%,37.0%,39.0%
1989-09-29,33.0%,38.0%,29.0%
1989-10-06,24.0%,43.0%,33.0%
1989-10-13,28.0%,52.0%,20.0%
1989-10-20,39.0%,28.0%,33.0%
1989-10-27,36.0%,33.0%,31.0%
1989-11-03,37.0%,31.0%,32.0%
1989-11-10,27.0%,37.0%,36.0%
1989-11-17,24.0%,28.0%,48.0%
1989-11-22,27.0%,40.0%,33.0%
1989-12-01,28.0%,40.0%,32.0%
1989-12-08,31.0%,41.0%,28.0%
1989-12-15,42.0%,30.0%,28.0%
1989-12-22,36.0%,32.0%,32.0%
1989-12-29,35.0%,31.0%,34.0%
1990-01-05,40.0%,30.0%,30.0%
1990-01-12,45.0%,38.0%,17.0%
1990-01-19,31.0%,49.0%,20.0%
1990-01-26,24.0%,38.0%,38.0%
1990-02-02,15.0%,37.0%,48.0%
1990-02-09,19.0%,30.0%,51.0%
1990-02-16,23.0%,43.0%,34.0%
1990-02-23,24.0%,38.0%,38.0%
1990-03-02,21.0%,37.0%,42.0%
1990-03-09,22.0%,42.0%,36.0%
1990-03-16,25.0%,35.0%,40.0%
1990-03-23,37.0%,39.0%,24.0%
1990-03-30,34.0%,35.0%,31.0%
1990-04-06,38.0%,37.0%,25.0%
1990-04-12,27.0%,56.0%,17.0%
1990-04-20,34.0%,43.0%,23.0%
1990-04-27,28.0%,35.0%,37.0%
1990-05-04,20.0%,35.0%,45.0%
1990-05-11,28.0%,38.0%,34.0%
1990-05-18,37.0%,35.0%,28.0%
1990-05-25,39.0%,32.0%,29.0%
1990-06-01,37.0%,28.0%,35.0%
1990-06-08,35.0%,35.0%,30.0%
1990-06-15,43.0%,32.0%,25.0%
1990-06-22,34.0%,32.0%,34.0%
1990-06-29,31.0%,31.0%,38.0%
1990-07-06,28.0%,34.0%,38.0%
1990-07-13,40.0%,30.0%,30.0%
1990-07-20,40.0%,30.0%,30.0%
1990-07-27,52.0%,24.0%,24.0%
1990-08-03,26.0%,28.0%,46.0%
1990-08-10,25.0%,21.0%,54.0%
1990-08-17,18.0%,23.0%,59.0%
1990-08-24,25.0%,24.0%,51.0%
1990-08-31,23.0%,16.0%,61.0%
1990-09-07,33.0%,18.0%,49.0%
1990-09-14,16.0%,33.0%,51.0%
1990-09-21,13.0%,31.0%,56.0%
1990-09-28,26.0%,20.0%,54.0%
1990-10-05,15.0%,26.0%,59.0%
1990-10-12,21.0%,27.0%,52.0%
1990-10-19,13.0%,20.0%,67.0%
1990-10-26,23.0%,19.0%,58.0%
1990-11-02,20.0%,36.0%,44.0%
1990-11-09,20.0%,32.0%,48.0%
1990-11-16,12.0%,33.0%,55.0%
1990-11-21,16.0%,37.0%,47.0%
1990-11-30,22.0%,33.0%,45.0%
1990-12-07,26.0%,33.0%,41.0%
1990-12-14,31.0%,31.0%,38.0%
1990-12-21,16.0%,34.0%,50.0%
1990-12-28,30.0%,30.0%,40.0%
1991-01-04,31.0%,39.0%,30.0%
1991-01-11,22.0%,30.0%,48.0%
1991-01-18,22.0%,27.0%,51.0%
1991-01-25,25.0%,25.0%,50.0%
1991-02-01,29.0%,29.0%,42.0%
1991-02-08,36.0%,28.0%,36.0%
1991-02-15,46.0%,30.0%,24.0%
1991-02-22,57.0%,20.0%,23.0%
1991-03-01,50.0%,18.0%,32.0%
1991-03-08,50.0%,21.0%,29.0%
1991-03-15,55.0%,22.0%,23.0%
1991-03-22,42.0%,31.0%,27.0%
1991-03-29,47.0%,28.0%,25.0%
1991-04-05,58.0%,22.0%,20.0%
1991-04-12,43.0%,32.0%,25.0%
1991-04-19,39.0%,39.0%,22.0%
1991-04-26,55.0%,28.0%,17.0%
1991-05-03,39.0%,33.0%,28.0%
1991-05-10,38.0%,34.0%,28.0%
1991-05-17,42.0%,32.0%,26.0%
1991-05-24,38.0%,39.0%,23.0%
1991-05-31,42.0%,35.0%,23.0%
1991-06-07,46.0%,37.0%,17.0%
1991-06-14,47.0%,31.0%,22.0%
1991-06-21,44.0%,40.0%,16.0%
1991-06-28,28.0%,37.0%,35.0%
1991-07-03,28.0%,39.0%,33.0%
1991-07-12,41.0%,39.0%,20.0%
1991-07-19,27.0%,51.0%,22.0%
1991-07-26,35.0%,42.0%,23.0%
1991-08-02,33.0%,36.0%,31.0%
1991-08-09,26.0%,45.0%,29.0%
1991-08-16,37.0%,33.0%,30.0%
1991-08-23,32.0%,36.0%,32.0%
1991-08-30,41.0%,40.0%,19.0%
1991-09-06,36.0%,31.0%,33.0%
1991-09-13,43.0%,39.0%,18.0%
1991-09-20,32.0%,48.0%,20.0%
1991-09-27,31.0%,38.0%,31.0%
1991-10-04,35.0%,30.0%,35.0%
1991-10-11,39.0%,37.0%,24.0%
1991-10-18,30.0%,31.0%,39.0%
1991-10-25,31.0%,36.0%,33.0%
1991-11-01,52.0%,12.0%,36.0%
1991-11-08,32.0%,36.0%,32.0%
1991-11-15,38.0%,33.0%,29.0%
1991-11-22,48.0%,32.0%,20.0%
1991-11-27,33.0%,27.0%,40.0%
1991-12-06,23.0%,32.0%,45.0%
1991-12-13,33.0%,36.0%,31.0%
1991-12-20,36.0%,30.0%,34.0%
1991-12-27,39.0%,29.0%,32.0%
1992-01-03,49.0%,20.0%,31.0%
1992-01-10,48.0%,27.0%,25.0%
1992-01-17,51.0%,21.0%,28.0%
1992-01-24,46.0%,25.0%,29.0%
1992-01-31,47.0%,26.0%,27.0%
1992-02-07,36.0%,39.0%,25.0%
1992-02-14,46.0%,28.0%,26.0%
1992-02-21,47.0%,25.0%,28.0%
1992-02-28,43.0%,36.0%,21.0%
1992-03-06,45.0%,29.0%,26.0%
1992-03-13,38.0%,35.0%,27.0%
1992-03-20,48.0%,29.0%,23.0%
1992-03-27,43.0%,35.0%,22.0%
1992-04-03,35.0%,42.0%,23.0%
1992-04-10,43.0%,27.0%,30.0%
1992-04-17,37.0%,38.0%,25.0%
1992-04-24,52.0%,34.0%,14.0%
1992-05-01,29.0%,36.0%,35.0%
1992-05-08,43.0%,31.0%,26.0%
1992-05-15,40.0%,37.0%,23.0%
1992-05-22,48.0%,24.0%,28.0%
1992-05-29,41.0%,43.0%,16.0%
1992-06-05,41.0%,40.0%,19.0%
1992-06-12,31.0%,46.0%,23.0%
1992-06-19,35.0%,37.0%,28.0%
1992-06-26,39.0%,34.0%,27.0%
1992-07-02,21.0%,44.0%,35.0%
1992-07-09,23.0%,42.0%,35.0%
1992-07-17,29.0%,40.0%,31.0%
1992-07-24,32.0%,44.0%,24.0%
1992-07-31,22.0%,47.0%,31.0%
1992-08-05,28.0%,39.0%,33.0%
1992-08-14,26.0%,37.0%,37.0%
1992-08-21,22.0%,34.0%,44.0%
1992-08-28,30.0%,37.0%,33.0%
1992-09-04,14.0%,44.0%,42.0%
1992-09-11,22.0%,39.0%,39.0%
1992-09-18,21.0%,42.0%,37.0%
1992-09-25,25.0%,34.0%,41.0%
1992-10-02,30.0%,35.0%,35.0%
1992-10-09,21.0%,35.0%,44.0%
1992-10-16,20.0%,24.0%,56.0%
1992-10-23,21.0%,32.0%,47.0%
1992-10-30,35.0%,35.0%,30.0%
1992-11-06,49.0%,27.0%,24.0%
1992-11-13,37.0%,44.0%,19.0%
1992-11-20,48.0%,38.0%,14.0%
1992-11-25,43.0%,37.0%,20.0%
1992-12-04,37.0%,39.0%,24.0%
1992-12-11,43.0%,42.0%,15.0%
1992-12-18,63.0%,27.0%,10.0%
1992-12-24,55.0%,30.0%,15.0%
1993-01-01,60.0%,27.0%,13.0%
1993-01-08,20.0%,49.0%,31.0%
1993-01-15,54.0%,32.0%,14.0%
1993-01-22,41.0%,38.0%,21.0%
1993-01-29,40.0%,37.0%,23.0%
1993-02-05,44.0%,34.0%,22.0%
1993-02-12,47.0%,31.0%,22.0%
1993-02-19,46.0%,27.0%,27.0%
1993-02-26,34.0%,32.0%,34.0%
1993-03-05,27.0%,36.0%,37.0%
1993-03-12,45.0%,33.0%,22.0%
1993-03-19,41.0%,32.0%,27.0%
1993-03-26,43.0%,34.0%,23.0%
1993-04-02,37.0%,36.0%,27.0%
1993-04-09,32.0%,39.0%,29.0%
1993-04-16,31.0%,35.0%,34.0%
1993-04-23,28.0%,42.0%,30.0%
1993-04-30,22.0%,37.0%,41.0%
1993-05-07,21.0%,45.0%,34.0%
1993-05-14,20.0%,41.0%,39.0%
1993-05-21,21.0%,34.0%,45.0%
1993-05-28,24.0%,37.0%,39.0%
1993-06-04,33.0%,39.0%,28.0%
1993-06-11,23.0%,36.0%,41.0%
1993-06-18,22.0%,35.0%,43.0%
1993-06-25,28.0%,38.0%,34.0%
1993-07-02,18.0%,44.0%,38.0%
1993-07-09,21.0%,45.0%,34.0%
1993-07-16,22.0%,44.0%,34.0%
1993-07-23,24.0%,43.0%,33.0%
1993-07-30,25.0%,45.0%,30.0%
1993-08-06,26.0%,42.0%,32.0%
1993-08-13,25.0%,41.0%,34.0%
1993-08-20,29.0%,41.0%,30.0%
1993-08-27,27.0%,35.0%,38.0%
1993-09-03,38.0%,33.0%,29.0%
1993-09-10,30.0%,30.0%,40.0%
1993-09-17,32.0%,34.0%,34.0%
1993-09-24,28.0%,40.0%,32.0%
1993-10-01,26.0%,34.0%,40.0%
1993-10-08,29.0%,37.0%,34.0%
1993-10-15,31.0%,38.0%,31.0%
1993-10-22,42.0%,30.0%,28.0%
1993-10-29,43.0%,33.0%,24.0%
1993-11-04,32.0%,36.0%,32.0%
1993-11-11,35.0%,30.0%,35.0%
1993-11-18,34.0%,31.0%,35.0%
1993-11-24,45.0%,30.0%,25.0%
1993-12-02,33.0%,32.0%,35.0%
1993-12-09,37.0%,39.0%,24.0%
1993-12-16,33.0%,38.0%,29.0%
1993-12-23,36.0%,31.0%,33.0%
1993-12-30,44.0%,28.0%,28.0%
1994-01-06,40.0%,33.0%,27.0%
1994-01-13,38.0%,31.0%,31.0%
1994-01-20,48.0%,26.0%,26.0%
1994-01-27,41.0%,25.0%,34.0%
1994-02-03,38.0%,29.0%,33.0%
1994-02-10,49.0%,27.0%,24.0%
1994-02-17,40.0%,36.0%,24.0%
1994-02-24,41.0%,30.0%,29.0%
1994-03-03,31.0%,42.0%,27.0%
1994-03-10,29.0%,34.0%,37.0%
1994-03-17,24.0%,41.0%,35.0%
1994-03-24,29.0%,37.0%,34.0%
1994-03-31,23.0%,33.0%,44.0%
1994-04-07,28.0%,31.0%,41.0%
1994-04-14,29.0%,23.0%,48.0%
1994-04-21,26.0%,41.0%,33.0%
1994-04-28,27.0%,35.0%,38.0%
1994-05-05,32.0%,32.0%,36.0%
1994-05-12,38.0%,32.0%,30.0%
1994-05-19,22.0%,36.0%,42.0%
1994-05-26,29.0%,33.0%,38.0%
1994-06-02,39.0%,36.0%,25.0%
1994-06-09,28.0%,47.0%,25.0%
1994-06-16,32.0%,42.0%,26.0%
1994-06-23,29.0%,45.0%,26.0%
1994-06-30,32.0%,37.0%,31.0%
1994-07-07,28.0%,32.0%,40.0%
1994-07-14,25.0%,40.0%,35.0%
1994-07-21,34.0%,38.0%,28.0%
1994-07-28,27.0%,42.0%,31.0%
1994-08-04,22.0%,52.0%,26.0%
1994-08-11,34.0%,37.0%,29.0%
1994-08-18,30.0%,40.0%,30.0%
1994-08-25,32.0%,39.0%,29.0%
1994-09-01,43.0%,34.0%,23.0%
1994-09-08,47.0%,33.0%,20.0%
1994-09-15,45.0%,25.0%,30.0%
1994-09-22,37.0%,36.0%,27.0%
1994-09-29,38.0%,32.0%,30.0%
1994-10-06,33.0%,39.0%,28.0%
1994-10-13,35.0%,39.0%,26.0%
1994-10-20,39.0%,33.0%,28.0%
1994-10-27,43.0%,38.0%,19.0%
1994-11-03,40.0%,35.0%,25.0%
1994-11-10,37.0%,31.0%,32.0%
1994-11-17,39.0%,22.0%,39.0%
1994-11-23,39.0%,32.0%,29.0%
1994-11-30,44.0%,30.0%,26.0%
1994-12-08,30.0%,35.0%,35.0%
1994-12-15,33.0%,35.0%,32.0%
1994-12-22,42.0%,25.0%,33.0%
1994-12-29,40.0%,43.0%,17.0%
1995-01-05,44.0%,31.0%,25.0%
1995-01-12,36.0%,42.0%,22.0%
1995-01-19,37.0%,39.0%,24.0%
1995-01-26,38.0%,37.0%,25.0%
1995-02-02,38.0%,37.0%,25.0%
1995-02-09,34.0%,43.0%,23.0%
1995-02-16,43.0%,37.0%,20.0%
1995-02-23,46.0%,37.0%,17.0%
1995-03-02,53.0%,26.0%,21.0%
1995-03-09,48.0%,34.0%,18.0%
1995-03-16,39.0%,41.0%,20.0%
1995-03-23,47.0%,30.0%,23.0%
1995-03-30,52.0%,23.0%,25.0%
1995-04-06,42.0%,25.0%,33.0%
1995-04-13,40.0%,23.0%,37.0%
1995-04-20,37.0%,27.0%,36.0%
1995-04-27,52.0%,29.0%,19.0%
1995-05-04,42.0%,27.0%,31.0%
1995-05-11,44.0%,26.0%,30.0%
1995-05-18,42.0%,23.0%,35.0%
1995-05-25,44.0%,26.0%,30.0%
1995-06-01,39.0%,34.0%,27.0%
1995-06-08,44.0%,25.0%,31.0%
1995-06-15,36.0%,31.0%,33.0%
1995-06-22,48.0%,21.0%,31.0%
1995-06-29,35.0%,28.0%,37.0%
1995-07-06,35.0%,34.0%,31.0%
1995-07-13,44.0%,18.0%,38.0%
1995-07-20,43.0%,30.0%,27.0%
1995-07-27,41.0%,26.0%,33.0%
1995-08-03,38.0%,34.0%,28.0%
1995-08-10,40.0%,30.0%,30.0%
1995-08-17,36.0%,43.0%,21.0%
1995-08-24,35.0%,28.0%,37.0%
1995-08-31,38.0%,42.0%,20.0%
1995-09-07,37.0%,36.0%,27.0%
1995-09-14,46.0%,32.0%,22.0%
1995-09-21,46.0%,25.0%,29.0%
1995-09-28,42.0%,27.0%,31.0%
1995-10-05,39.0%,37.0%,24.0%
1995-10-12,41.0%,30.0%,29.0%
1995-10-19,47.0%,32.0%,21.0%
1995-10-26,46.0%,33.0%,21.0%
1995-11-02,47.0%,34.0%,19.0%
1995-11-09,49.0%,35.0%,16.0%
1995-11-16,46.0%,31.0%,23.0%
1995-11-22,48.0%,18.0%,34.0%
1995-11-30,51.0%,30.0%,19.0%
1995-12-07,48.0%,28.0%,24.0%
1995-12-14,51.0%,23.0%,26.0%
1995-12-21,48.0%,28.0%,24.0%
1995-12-28,46.0%,34.0%,20.0%
1996-01-04,55.0%,18.0%,27.0%
1996-01-18,42.0%,29.0%,29.0%
1996-01-25,36.0%,40.0%,24.0%
1996-02-01,54.0%,31.0%,15.0%
1996-02-08,53.0%,31.0%,16.0%
1996-02-15,54.0%,21.0%,25.0%
1996-02-22,49.0%,22.0%,29.0%
1996-02-29,45.0%,28.0%,27.0%
1996-03-07,44.0%,28.0%,28.0%
1996-03-14,36.0%,35.0%,29.0%
1996-03-21,47.0%,31.0%,22.0%
1996-03-28,45.0%,31.0%,24.0%
1996-04-04,40.0%,43.0%,17.0%
1996-04-11,40.0%,42.0%,18.0%
1996-04-18,36.0%,38.0%,26.0%
1996-04-25,28.0%,40.0%,32.0%
1996-05-02,48.0%,31.0%,21.0%
1996-05-09,46.0%,38.0%,16.0%
1996-05-16,37.0%,40.0%,23.0%
1996-05-23,51.0%,35.0%,14.0%
1996-05-30,61.0%,29.0%,10.0%
1996-06-06,47.0%,28.0%,25.0%
1996-06-13,49.0%,28.0%,23.0%
1996-06-20,42.0%,32.0%,26.0%
1996-06-27,42.0%,41.0%,17.0%
1996-07-03,32.0%,44.0%,24.0%
1996-07-11,40.0%,35.0%,25.0%
1996-07-18,29.0%,45.0%,26.0%
1996-07-25,30.0%,32.0%,38.0%
1996-08-01,29.0%,38.0%,33.0%
1996-08-08,27.0%,42.0%,31.0%
1996-08-15,43.0%,37.0%,20.0%
1996-08-22,28.0%,46.0%,26.0%
1996-08-29,28.0%,43.0%,29.0%
1996-09-05,29.0%,35.0%,36.0%
1996-09-12,26.0%,46.0%,28.0%
1996-09-19,28.0%,41.0%,31.0%
1996-09-26,34.0%,39.0%,27.0%
1996-10-03,40.0%,31.0%,29.0%
1996-10-10,38.0%,36.0%,26.0%
1996-10-17,39.0%,36.0%,25.0%
1996-10-24,42.0%,33.0%,25.0%
1996-10-31,37.0%,29.0%,34.0%
1996-11-07,26.0%,45.0%,29.0%
1996-11-14,37.0%,34.0%,29.0%
1996-11-21,43.0%,30.0%,27.0%
1996-11-27,52.0%,27.0%,21.0%
1996-12-05,41.0%,26.0%,33.0%
1996-12-12,40.0%,28.0%,32.0%
1996-12-19,33.0%,28.0%,39.0%
1996-12-26,37.0%,33.0%,30.0%
1997-01-02,43.0%,33.0%,24.0%
1997-01-09,36.0%,39.0%,25.0%
1997-01-16,42.0%,32.0%,26.0%
1997-01-23,37.0%,41.0%,22.0%
1997-01-30,51.0%,33.0%,16.0%
1997-02-06,47.0%,29.0%,24.0%
1997-02-13,45.0%,37.0%,18.0%
1997-02-20,44.0%,36.0%,20.0%
1997-02-27,63.0%,22.0%,15.0%
1997-03-06,43.0%,37.0%,20.0%
1997-03-13,34.0%,36.0%,30.0%
1997-03-20,36.0%,42.0%,22.0%
1997-03-27,27.0%,40.0%,33.0%
1997-04-03,29.0%,40.0%,31.0%
1997-04-10,26.0%,37.0%,37.0%
1997-04-17,31.0%,41.0%,28.0%
1997-04-24,28.0%,40.0%,32.0%
1997-05-01,27.0%,44.0%,29.0%
1997-05-08,30.0%,44.0%,26.0%
1997-05-15,41.0%,36.0%,23.0%
1997-05-22,40.0%,35.0%,25.0%
1997-05-29,40.0%,40.0%,20.0%
1997-06-05,52.0%,33.0%,15.0%
1997-06-12,49.0%,35.0%,16.0%
1997-06-19,59.0%,26.0%,15.0%
1997-06-26,52.0%,25.0%,23.0%
1997-07-03,45.0%,30.0%,25.0%
1997-07-10,49.0%,33.0%,18.0%
1997-07-17,54.0%,30.0%,16.0%
1997-07-24,53.0%,25.0%,22.0%
1997-07-31,48.0%,26.0%,26.0%
1997-08-07,49.0%,28.0%,23.0%
1997-08-14,49.0%,30.0%,21.0%
1997-08-21,47.0%,33.0%,20.0%
1997-08-28,50.0%,28.0%,22.0%
1997-09-04,37.0%,38.0%,25.0%
1997-09-11,42.0%,36.0%,22.0%
1997-09-18,40.0%,44.0%,16.0%
1997-09-25,39.0%,42.0%,19.0%
1997-10-02,38.0%,43.0%,19.0%
1997-10-09,43.0%,43.0%,14.0%
1997-10-16,43.0%,36.0%,21.0%
1997-10-23,40.0%,46.0%,14.0%
1997-10-30,41.0%,36.0%,23.0%
1997-11-06,38.0%,37.0%,25.0%
1997-11-13,45.0%,38.0%,17.0%
1997-11-20,40.0%,38.0%,22.0%
1997-11-26,40.0%,40.0%,20.0%
1997-12-04,49.0%,33.0%,18.0%
1997-12-11,46.0%,37.0%,17.0%
1997-12-18,40.0%,41.0%,19.0%
1997-12-24,41.0%,36.0%,23.0%
1997-12-31,34.0%,35.0%,31.0%
1998-01-08,42.0%,40.0%,18.0%
1998-01-16,38.0%,45.0%,17.0%
1998-01-23,31.0%,39.0%,30.0%
1998-01-30,38.0%,42.0%,20.0%
1998-02-05,30.0%,45.0%,25.0%
1998-02-12,45.0%,36.0%,19.0%
1998-02-19,42.0%,43.0%,15.0%
1998-02-26,53.0%,33.0%,14.0%
1998-03-05,53.0%,34.0%,13.0%
1998-03-12,44.0%,36.0%,20.0%
1998-03-19,40.0%,38.0%,22.0%
1998-03-26,45.0%,35.0%,20.0%
1998-04-02,46.0%,32.0%,22.0%
1998-04-09,41.0%,36.0%,23.0%
1998-04-16,53.0%,32.0%,15.0%
1998-04-23,40.0%,38.0%,22.0%
1998-04-30,44.0%,31.0%,25.0%
1998-05-07,43.0%,34.0%,23.0%
1998-05-14,33.0%,41.0%,26.0%
1998-05-21,38.0%,39.0%,23.0%
1998-05-28,34.0%,40.0%,26.0%
1998-06-04,25.0%,44.0%,31.0%
1998-06-11,27.0%,49.0%,24.0%
1998-06-18,29.0%,38.0%,33.0%
1998-06-25,28.0%,44.0%,28.0%
1998-07-02,33.0%,48.0%,19.0%
1998-07-09,36.0%,44.0%,20.0%
1998-07-16,35.0%,44.0%,21.0%
1998-07-23,37.0%,39.0%,24.0%
1998-07-30,44.0%,36.0%,20.0%
1998-08-06,30.0%,44.0%,26.0%
1998-08-13,27.0%,38.0%,35.0%
1998-08-20,25.0%,42.0%,33.0%
1998-08-27,23.0%,32.0%,45.0%
1998-09-03,23.0%,37.0%,40.0%
1998-09-10,29.0%,31.0%,40.0%
1998-09-17,34.0%,35.0%,31.0%
1998-09-24,34.0%,38.0%,28.0%
1998-10-01,32.0%,35.0%,33.0%
1998-10-08,25.0%,43.0%,32.0%
1998-10-15,25.0%,34.0%,41.0%
1998-10-22,32.0%,35.0%,33.0%
1998-10-29,43.0%,36.0%,21.0%
1998-11-05,38.0%,42.0%,20.0%
1998-11-12,50.0%,36.0%,14.0%
1998-11-19,40.0%,42.0%,18.0%
1998-11-25,48.0%,35.0%,17.0%
1998-12-03,49.0%,30.0%,21.0%
1998-12-10,44.0%,30.0%,26.0%
1998-12-17,41.0%,34.0%,25.0%
1998-12-23,34.0%,34.0%,32.0%
1998-12-31,41.0%,37.0%,22.0%
1999-01-07,38.0%,39.0%,23.0%
1999-01-14,51.0%,28.0%,21.0%
1999-01-21,56.0%,24.0%,20.0%
1999-01-28,47.0%,33.0%,20.0%
1999-02-04,48.0%,38.0%,14.0%
1999-02-11,48.0%,35.0%,17.0%
1999-02-18,37.0%,39.0%,24.0%
1999-02-25,37.0%,39.0%,24.0%
1999-03-04,36.0%,45.0%,19.0%
1999-03-11,37.0%,42.0%,21.0%
1999-03-18,48.0%,31.0%,21.0%
1999-03-25,38.0%,33.0%,29.0%
1999-04-01,40.0%,35.0%,25.0%
1999-04-08,36.0%,38.0%,26.0%
1999-04-15,41.0%,31.0%,28.0%
1999-04-22,38.0%,32.0%,30.0%
1999-04-29,41.0%,32.0%,27.0%
1999-05-06,54.0%,32.0%,14.0%
1999-05-13,43.0%,31.0%,26.0%
1999-05-20,43.0%,31.0%,26.0%
1999-05-27,38.0%,42.0%,20.0%
1999-06-03,32.0%,36.0%,32.0%
1999-06-10,32.0%,40.0%,28.0%
1999-06-17,38.0%,35.0%,27.0%
1999-06-24,30.0%,39.0%,31.0%
1999-07-01,35.0%,38.0%,27.0%
1999-07-08,43.0%,36.0%,21.0%
1999-07-15,54.0%,28.0%,18.0%
1999-07-22,55.0%,23.0%,22.0%
1999-07-29,42.0%,38.0%,20.0%
1999-08-05,30.0%,46.0%,24.0%
1999-08-12,30.0%,40.0%,30.0%
1999-08-19,31.0%,46.0%,23.0%
1999-08-26,35.0%,40.0%,25.0%
1999-09-02,44.0%,38.0%,18.0%
1999-09-09,37.0%,38.0%,25.0%
1999-09-16,36.0%,43.0%,21.0%
1999-09-23,36.0%,36.0%,28.0%
1999-09-30,35.0%,42.0%,23.0%
1999-10-07,34.0%,38.0%,28.0%
1999-10-14,42.0%,39.0%,19.0%
1999-10-21,38.0%,37.0%,25.0%
1999-10-28,38.0%,38.0%,24.0%
1999-11-04,43.0%,35.0%,22.0%
1999-11-11,48.0%,26.0%,26.0%
1999-11-18,46.0%,32.0%,22.0%
1999-11-24,55.0%,28.0%,17.0%
1999-12-02,62.0%,25.0%,13.0%
1999-12-09,62.0%,27.0%,11.0%
1999-12-16,54.0%,26.0%,20.0%
1999-12-23,52.0%,31.0%,17.0%
1999-12-30,60.0%,25.0%,15.0%
2000-01-06,75.0%,11.7%,13.3%
2000-01-13,59.3%,22.2%,18.5%
2000-01-20,57.1%,25.0%,17.9%
2000-01-27,53.7%,25.9%,20.4%
2000-02-03,51.1%,24.4%,24.4%
2000-02-10,41.9%,30.2%,27.9%
2000-02-17,27.3%,48.5%,24.2%
2000-02-24,41.4%,27.6%,31.0%
2000-03-02,36.7%,40.0%,23.3%
2000-03-08,58.3%,25.0%,16.7%
2000-03-16,50.0%,23.3%,26.7%
2000-03-23,65.7%,14.3%,20.0%
2000-03-30,38.9%,11.1%,50.0%
2000-04-06,45.8%,33.3%,20.8%
2000-04-13,51.9%,18.5%,29.6%
2000-04-20,63.7%,13.7%,22.6%
2000-04-27,61.3%,24.2%,14.5%
2000-05-04,34.8%,30.4%,34.8%
2000-05-11,30.2%,44.2%,25.6%
2000-05-18,35.3%,23.5%,41.2%
2000-05-25,34.9%,28.6%,36.5%
2000-06-01,41.7%,20.8%,37.5%
2000-06-08,61.5%,15.4%,23.1%
2000-06-15,43.8%,37.5%,18.8%
2000-06-22,26.7%,33.3%,40.0%
2000-07-06,56.1%,28.1%,15.9%
2000-07-13,65.0%,15.0%,20.0%
2000-07-20,66.7%,21.3%,12.0%
2000-07-27,42.9%,37.1%,20.0%
2000-08-03,41.3%,34.8%,23.9%
2000-08-10,54.1%,34.4%,11.5%
2000-08-17,59.4%,21.9%,18.8%
2000-08-23,57.7%,19.2%,23.1%
2000-08-31,55.9%,26.5%,17.7%
2000-09-07,62.5%,29.2%,8.3%
2000-09-14,41.2%,35.3%,23.5%
2000-09-21,43.8%,37.5%,18.8%
2000-09-28,53.3%,40.0%,6.7%
2000-10-05,41.9%,32.3%,25.8%
2000-10-12,41.5%,26.8%,31.7%
2000-10-19,48.9%,26.7%,24.4%
2000-10-26,64.1%,18.0%,18.0%
2000-11-02,51.6%,25.8%,22.6%
2000-11-09,62.9%,28.6%,8.6%
2000-11-16,45.8%,37.5%,16.7%
2000-11-23,36.5%,27.0%,36.5%
2000-11-30,60.4%,22.9%,16.7%
2000-12-07,47.1%,15.7%,37.3%
2000-12-14,59.6%,7.7%,32.7%
2000-12-21,31.1%,17.8%,51.1%
2000-12-28,40.0%,28.0%,32.0%
2001-01-04,42.6%,33.3%,24.1%
2001-01-11,35.7%,21.4%,42.9%
2001-01-18,36.6%,39.0%,24.4%
2001-01-25,49.2%,24.6%,26.2%
2001-02-01,50.0%,30.8%,19.2%
2001-02-08,55.6%,30.0%,14.4%
2001-02-15,30.4%,47.8%,21.7%
2001-02-22,26.3%,35.1%,38.6%
2001-03-01,46.0%,20.3%,33.8%
2001-03-08,31.6%,36.7%,31.6%
2001-03-15,30.9%,32.7%,36.4%
2001-03-22,27.8%,25.0%,47.2%
2001-03-29,37.3%,35.3%,27.5%
2001-04-05,35.1%,26.1%,38.7%
2001-04-12,30.3%,28.8%,40.9%
2001-04-19,43.8%,25.0%,31.3%
2001-04-26,46.6%,22.4%,31.0%
2001-05-03,63.5%,14.9%,21.6%
2001-05-10,53.3%,28.9%,17.8%
2001-05-17,51.8%,29.4%,18.8%
2001-05-24,61.9%,21.4%,16.7%
2001-05-31,49.4%,22.1%,28.6%
2001-06-07,42.6%,31.9%,25.5%
2001-06-14,30.5%,47.5%,22.0%
2001-06-21,33.3%,43.3%,23.3%
2001-06-28,30.4%,36.7%,32.9%
2001-07-05,40.7%,40.7%,18.5%
2001-07-12,25.3%,38.5%,36.3%
2001-07-19,50.0%,34.8%,15.2%
2001-07-26,29.5%,32.4%,38.1%
2001-08-02,36.4%,27.3%,36.4%
2001-08-09,34.9%,37.4%,27.7%
2001-08-16,35.4%,27.1%,37.5%
2001-08-23,34.5%,34.5%,31.0%
2001-08-30,31.4%,45.7%,22.9%
2001-09-06,30.3%,36.0%,33.7%
2001-09-13,26.7%,36.7%,36.7%
2001-09-20,31.1%,24.3%,44.6%
2001-09-27,51.1%,26.7%,22.2%
2001-10-04,51.2%,19.5%,29.3%
2001-10-11,47.4%,24.6%,28.1%
2001-10-18,60.6%,18.3%,21.1%
2001-10-25,55.9%,26.5%,17.7%
2001-11-01,35.0%,31.7%,33.3%
2001-11-08,34.6%,23.1%,42.3%
2001-11-15,45.5%,21.2%,33.3%
2001-11-22,58.3%,16.7%,25.0%
2001-11-29,69.3%,10.7%,20.0%
2001-12-06,59.2%,16.3%,24.5%
2001-12-13,61.4%,24.6%,14.0%
2001-12-20,52.5%,21.3%,26.2%
2001-12-27,57.7%,15.4%,26.9%
2002-01-03,51.1%,24.4%,24.4%
2002-01-10,54.8%,23.3%,21.9%
2002-01-17,29.6%,40.9%,29.6%
2002-01-24,34.7%,34.7%,30.6%
2002-01-31,45.5%,31.8%,22.7%
2002-02-07,37.5%,39.6%,22.9%
2002-02-14,45.2%,38.7%,16.1%
2002-02-21,36.4%,38.2%,25.5%
2002-02-28,44.4%,35.2%,20.4%
2002-03-07,53.3%,31.1%,15.6%
2002-03-14,56.5%,29.0%,14.5%
2002-03-21,53.2%,35.5%,11.3%
2002-03-28,51.2%,25.6%,23.3%
2002-04-04,40.5%,39.3%,20.2%
2002-04-11,28.2%,38.5%,33.3%
2002-04-18,40.2%,36.6%,23.2%
2002-04-25,36.7%,40.0%,23.3%
2002-05-02,27.0%,39.6%,33.3%
2002-05-09,30.3%,29.0%,40.8%
2002-05-16,36.8%,34.9%,28.3%
2002-05-23,26.2%,33.3%,40.5%
2002-05-29,28.3%,31.5%,40.2%
2002-06-06,32.8%,27.9%,39.3%
2002-06-13,31.8%,34.6%,33.6%
2002-06-20,45.7%,28.6%,25.7%
2002-06-27,31.0%,23.0%,46.0%
2002-07-03,26.6%,26.6%,46.9%
2002-07-11,35.1%,22.7%,42.3%
2002-07-18,26.3%,20.0%,53.8%
2002-07-25,27.9%,23.3%,48.8%
2002-08-01,34.2%,34.2%,31.6%
2002-08-08,37.7%,23.0%,39.3%
2002-08-15,37.9%,20.7%,41.4%
2002-08-22,43.8%,16.7%,39.6%
2002-08-29,50.0%,21.0%,29.0%
2002-09-05,31.5%,18.5%,50.0%
2002-09-12,38.4%,24.7%,37.0%
2002-09-19,33.8%,23.0%,43.2%
2002-09-26,24.5%,28.4%,47.1%
2002-10-03,35.2%,16.9%,47.9%
2002-10-10,28.9%,16.4%,54.8%
2002-10-17,39.5%,21.1%,39.5%
2002-10-24,44.6%,21.7%,33.7%
2002-10-31,51.5%,20.6%,27.9%
2002-11-07,50.0%,23.7%,26.3%
2002-11-14,48.7%,18.9%,32.4%
2002-11-21,50.6%,28.1%,21.4%
2002-11-28,51.1%,17.0%,31.9%
2002-12-05,52.9%,29.4%,17.7%
2002-12-12,41.4%,34.5%,24.1%
2002-12-19,42.9%,27.1%,30.0%
2002-12-26,40.0%,28.0%,32.0%
2003-01-02,32.4%,29.7%,37.8%
2003-01-09,38.1%,19.1%,42.9%
2003-01-16,29.2%,41.7%,29.2%
2003-01-23,25.0%,31.8%,43.2%
2003-01-30,25.5%,26.6%,47.9%
2003-02-06,22.9%,51.4%,25.7%
2003-02-13,21.9%,40.0%,38.1%
2003-02-20,21.1%,21.1%,57.9%
2003-02-27,26.0%,26.8%,47.2%
2003-03-06,33.3%,27.3%,39.4%
2003-03-13,34.3%,14.3%,51.4%
2003-03-20,42.9%,19.1%,38.1%
2003-03-27,39.4%,27.9%,32.7%
2003-04-03,32.4%,29.4%,38.2%
2003-04-10,38.5%,30.8%,30.8%
2003-04-17,46.3%,22.2%,31.5%
2003-04-24,63.0%,18.0%,19.0%
2003-05-01,48.6%,25.7%,25.7%
2003-05-08,52.8%,28.8%,18.4%
2003-05-15,62.8%,20.9%,16.3%
2003-05-22,38.5%,26.0%,35.6%
2003-05-29,62.9%,22.9%,14.3%
2003-06-05,52.0%,28.8%,19.2%
2003-06-12,50.0%,20.8%,29.2%
2003-06-19,56.4%,7.7%,35.9%
2003-06-26,71.4%,20.0%,8.6%
2003-07-03,41.2%,23.5%,35.3%
2003-07-10,43.2%,25.7%,31.1%
2003-07-17,51.3%,20.2%,28.6%
2003-07-24,52.0%,17.3%,30.7%
2003-07-31,51.5%,32.3%,16.2%
2003-08-07,45.5%,22.1%,32.5%
2003-08-14,50.6%,25.8%,23.6%
2003-08-21,63.0%,18.5%,18.5%
2003-08-28,56.7%,20.6%,22.7%
2003-09-04,62.3%,21.3%,16.4%
2003-09-11,58.1%,24.4%,17.4%
2003-09-18,62.8%,17.7%,19.6%
2003-09-25,57.3%,20.4%,22.3%
2003-10-02,50.0%,21.4%,28.6%
2003-10-09,57.6%,19.2%,23.2%
2003-10-16,60.3%,25.9%,13.8%
2003-10-23,52.8%,30.6%,16.7%
2003-10-30,57.8%,23.4%,18.8%
2003-11-06,57.6%,25.8%,16.7%
2003-11-13,53.3%,32.2%,14.4%
2003-11-20,53.2%,25.8%,21.0%
2003-11-27,60.4%,18.9%,20.8%
2003-12-04,69.4%,16.2%,14.4%
2003-12-11,55.3%,23.7%,21.1%
2003-12-18,60.2%,20.4%,19.4%
2003-12-26,65.5%,17.2%,17.2%
2004-01-01,62.4%,24.1%,13.5%
2004-01-08,67.2%,14.9%,17.9%
2004-01-15,66.3%,23.6%,10.1%
2004-01-22,69.5%,17.1%,13.4%
2004-01-29,56.9%,28.1%,15.0%
2004-02-05,50.9%,27.3%,21.8%
2004-02-12,56.1%,29.3%,14.6%
2004-02-19,56.5%,22.6%,21.0%
2004-02-26,41.6%,27.9%,30.5%
2004-03-04,47.8%,39.1%,13.0%
2004-03-11,41.3%,25.2%,33.6%
2004-03-18,38.6%,35.1%,26.3%
2004-03-25,31.5%,25.9%,42.6%
2004-04-01,55.2%,22.4%,22.4%
2004-04-08,58.8%,21.0%,20.3%
2004-04-15,63.8%,22.5%,13.8%
2004-04-22,50.0%,27.5%,22.5%
2004-04-29,50.0%,28.8%,21.2%
2004-05-06,39.0%,33.9%,27.1%
2004-05-13,32.9%,23.7%,43.4%
2004-05-20,36.7%,23.3%,40.0%
2004-05-27,36.1%,23.6%,40.3%
2004-06-03,33.3%,40.5%,26.2%
2004-06-10,55.3%,29.0%,15.8%
2004-06-17,41.4%,30.5%,28.1%
2004-06-24,56.4%,20.5%,23.1%
2004-07-01,57.0%,27.3%,15.8%
2004-07-08,55.1%,23.5%,21.4%
2004-07-15,47.4%,29.0%,23.7%
2004-07-22,35.7%,40.5%,23.8%
2004-07-29,34.0%,30.0%,36.0%
2004-08-05,31.0%,35.2%,33.8%
2004-08-12,38.6%,21.4%,40.0%
2004-08-19,34.9%,30.2%,34.9%
2004-08-26,41.5%,33.1%,25.4%
2004-09-02,41.5%,30.2%,28.3%
2004-09-09,50.5%,25.7%,23.8%
2004-09-16,45.5%,22.7%,31.8%
2004-09-23,51.2%,22.0%,26.8%
2004-09-30,41.1%,19.6%,39.3%
2004-10-07,56.9%,23.4%,19.7%
2004-10-14,44.7%,27.1%,28.2%
2004-10-21,42.5%,28.8%,28.8%
2004-10-28,42.3%,26.0%,31.7%
2004-11-04,57.1%,20.0%,22.9%
2004-11-11,62.5%,15.9%,21.6%
2004-11-18,64.1%,13.5%,22.4%
2004-11-24,49.5%,23.7%,26.8%
2004-12-02,56.8%,17.8%,25.4%
2004-12-09,51.4%,23.4%,25.2%
2004-12-16,52.5%,28.3%,19.2%
2004-12-23,60.2%,21.6%,18.2%
2004-12-30,57.7%,24.8%,17.5%
2005-01-06,38.1%,27.4%,34.5%
2005-01-13,34.0%,26.1%,39.9%
2005-01-20,33.7%,32.7%,33.7%
2005-01-27,26.4%,37.1%,36.4%
2005-02-03,41.7%,33.3%,25.0%
2005-02-10,43.8%,33.3%,22.9%
2005-02-17,36.4%,33.8%,29.9%
2005-02-24,31.8%,36.4%,31.8%
2005-03-03,39.5%,33.3%,27.2%
2005-03-10,49.7%,25.5%,24.8%
2005-03-17,32.5%,35.1%,32.5%
2005-03-24,23.2%,34.8%,41.9%
2005-03-31,28.4%,20.6%,51.0%
2005-04-07,27.7%,28.4%,43.9%
2005-04-14,16.5%,41.8%,41.8%
2005-04-21,36.8%,30.3%,32.9%
2005-04-28,29.8%,35.5%,34.7%
2005-05-05,28.6%,26.5%,44.9%
2005-05-12,30.5%,33.1%,36.4%
2005-05-19,38.92%,32.43%,28.65%
2005-05-26,44.14%,32.43%,23.42%
2005-06-02,48.61%,31.94%,19.44%
2005-06-09,45.98%,34.48%,19.54%
2005-06-16,48.05%,33.12%,18.83%
2005-06-23,46.59%,35.23%,18.18%
2005-06-30,45.89%,24.66%,29.45%
2005-07-07,43.01%,36.56%,20.43%
2005-07-14,57.89%,28.07%,14.04%
2005-07-21,41.18%,31.37%,27.45%
2005-07-28,57.52%,24.84%,17.65%
2005-08-04,47.83%,26.09%,26.09%
2005-08-11,39.74%,31.41%,28.85%
2005-08-18,29.29%,30.30%,40.40%
2005-08-25,36.14%,32.53%,31.33%
2005-09-01,31.76%,30.59%,37.65%
2005-09-08,42.31%,25.00%,32.69%
2005-09-15,51.43%,20.00%,28.57%
2005-09-22,39.47%,28.07%,32.46%
2005-09-29,31.88%,28.99%,39.13%
2005-10-06,50.00%,22.58%,27.42%
2005-10-13,38.96%,12.99%,48.05%
2005-10-20,43.11%,20.96%,35.93%
2005-10-27,32.05%,21.79%,46.15%
2005-11-03,42.95%,29.49%,27.56%
2005-11-10,58.62%,18.39%,22.99%
2005-11-17,53.63%,24.58%,21.79%
2005-11-24,57.33%,26.67%,16.00%
2005-12-01,52.47%,24.07%,23.46%
2005-12-08,49.47%,31.58%,18.95%
2005-12-15,46.15%,31.73%,22.12%
2005-12-22,41.03%,30.77%,28.21%
2005-12-29,37.30%,26.19%,36.51%
2006-01-05,29.35%,30.43%,40.22%
2006-01-12,58.96%,21.97%,19.08%
2006-01-19,50.00%,24.17%,25.83%
2006-01-26,30.77%,35.90%,33.33%
2006-02-02,44.70%,21.97%,33.33%
2006-02-09,40.19%,25.23%,34.58%
2006-02-16,40.18%,24.11%,35.71%
2006-02-23,43.21%,28.40%,28.40%
2006-03-02,40.94%,29.92%,29.13%
2006-03-09,41.21%,28.02%,30.77%
2006-03-16,46.55%,20.69%,32.76%
2006-03-23,43.75%,28.75%,27.50%
2006-03-30,37.21%,30.23%,32.56%
2006-04-06,47.67%,29.07%,23.26%
2006-04-13,45.36%,26.80%,27.84%
2006-04-20,33.73%,25.44%,40.83%
2006-04-27,42.11%,21.93%,35.96%
2006-05-04,45.89%,20.55%,33.56%
2006-05-11,54.90%,17.65%,27.45%
2006-05-18,39.39%,16.97%,43.64%
2006-05-25,33.04%,21.43%,45.54%
2006-06-01,30.77%,19.23%,50.00%
2006-06-08,26.23%,28.69%,45.08%
2006-06-15,26.41%,18.61%,54.98%
2006-06-22,34.40%,24.00%,41.60%
2006-06-29,38.60%,21.64%,39.77%
2006-07-06,37.70%,19.67%,42.62%
2006-07-13,36.50%,24.09%,39.42%
2006-07-20,23.85%,18.35%,57.80%
2006-07-27,34.88%,22.09%,43.02%
2006-08-03,31.46%,21.35%,47.19%
2006-08-10,36.59%,21.95%,41.46%
2006-08-17,30.53%,33.68%,35.79%
2006-08-24,39.35%,23.23%,37.42%
2006-08-31,41.57%,32.58%,25.84%
2006-09-07,42.99%,27.10%,29.91%
2006-09-14,47.95%,13.70%,38.36%
2006-09-21,47.75%,18.02%,34.23%
2006-09-28,51.32%,15.79%,32.89%
2006-10-05,37.78%,15.56%,46.67%
2006-10-12,48.98%,13.27%,37.76%
2006-10-19,54.20%,16.03%,29.77%
2006-10-26,52.17%,17.39%,30.43%
2006-11-02,43.75%,19.38%,36.88%
2006-11-09,50.60%,22.89%,26.51%
2006-11-16,46.56%,22.90%,30.53%
2006-11-23,41.94%,16.13%,41.94%
2006-11-30,40.22%,12.29%,47.49%
2006-12-07,38.94%,19.47%,41.59%
2006-12-14,41.33%,20.67%,38.00%
2006-12-21,39.08%,18.39%,42.53%
2006-12-28,46.00%,18.00%,36.00%
2007-01-04,49.14%,21.55%,29.31%
2007-01-11,44.44%,21.30%,34.26%
2007-01-18,57.78%,15.15%,27.27%
2007-01-25,39.51%,27.16%,33.33%
2007-02-01,46.32%,23.16%,30.53%
2007-02-08,46.15%,23.85%,30.00%
2007-02-15,47.57%,21.36%,31.07%
2007-02-22,53.85%,23.85%,22.31%
2007-03-01,36.63%,23.76%,39.60%
2007-03-08,35.80%,19.32%,44.89%
2007-03-15,32.99%,21.65%,45.36%
2007-03-22,43.88%,23.02%,33.09%
2007-03-29,42.68%,31.71%,25.61%
2007-04-05,32.26%,27.96%,39.78%
2007-04-12,40.85%,21.13%,38.03%
2007-04-19,46.94%,23.47%,29.59%
2007-04-26,39.24%,22.78%,37.97%
2007-05-03,28.57%,17.14%,54.29%
2007-05-10,42.86%,14.29%,42.86%
2007-05-17,38.39%,25.00%,36.61%
2007-05-24,37.35%,24.10%,38.55%
2007-05-31,33.33%,21.88%,44.79%
2007-06-07,40.59%,16.83%,42.57%
2007-06-14,37.30%,19.05%,43.65%
2007-06-21,43.16%,23.16%,33.68%
2007-06-28,39.02%,25.20%,35.77%
2007-07-05,43.84%,23.29%,32.88%
2007-07-12,43.64%,26.36%,30.00%
2007-07-19,41.77%,21.52%,36.71%
2007-07-26,44.21%,18.95%,36.84%
2007-08-02,45.88%,14.12%,40.00%
2007-08-09,45.76%,15.25%,38.98%
2007-08-16,42.22%,12.22%,45.56%
2007-08-23,41.28%,15.60%,43.12%
2007-08-30,40.30%,13.43%,46.27%
2007-09-06,38.38%,19.19%,42.42%
2007-09-13,40.00%,24.71%,35.29%
2007-09-20,39.24%,29.11%,31.65%
2007-09-27,49.37%,16.46%,34.18%
2007-10-04,51.81%,22.89%,25.30%
2007-10-11,54.64%,19.59%,25.77%
2007-10-18,41.96%,22.32%,35.71%
2007-10-25,31.25%,20.54%,48.21%
2007-11-01,44.71%,18.82%,36.47%
2007-11-08,36.19%,12.38%,51.43%
2007-11-15,33.01%,17.48%,49.51%
2007-11-22,25.58%,21.71%,52.71%
2007-11-29,28.57%,15.31%,56.12%
2007-12-06,40.65%,19.51%,39.84%
2007-12-13,47.62%,16.67%,35.71%
2007-12-20,35.85%,16.98%,47.17%
2007-12-27,30.00%,20.00%,50.00%
2008-01-03,25.71%,19.05%,55.24%
2008-01-10,19.63%,21.50%,58.88%
2008-01-17,24.30%,21.30%,54.44%
2008-01-24,25.14%,15.85%,59.02%
2008-01-31,30.08%,21.05%,48.87%
2008-02-07,34.11%,18.69%,47.20%
2008-02-14,33.33%,24.81%,41.86%
2008-02-21,33.18%,22.12%,44.70%
2008-02-28,34.31%,20.44%,45.26%
2008-03-06,21.98%,26.37%,51.65%
2008-03-13,20.42%,20.42%,59.15%
2008-03-20,25.21%,20.51%,54.27%
2008-03-27,41.60%,24.80%,33.60%
2008-04-03,36.70%,23.94%,39.36%
2008-04-10,45.76%,16.95%,37.29%
2008-04-17,30.37%,20.94%,48.69%
2008-04-24,46.67%,25.83%,27.50%
2008-05-01,53.29%,20.39%,26.32%
2008-05-08,52.81%,22.47%,24.72%
2008-05-15,45.16%,25.16%,29.68%
2008-05-22,46.30%,19.44%,34.26%
2008-05-29,31.36%,22.88%,45.76%
2008-06-05,43.48%,18.48%,38.04%
2008-06-12,31.25%,15.18%,53.57%
2008-06-19,32.98%,21.28%,45.74%
2008-06-26,31.25%,16.48%,52.27%
2008-07-03,23.93%,23.93%,52.14%
2008-07-10,22.17%,22.66%,55.17%
2008-07-17,25.00%,16.86%,58.14%
2008-07-24,35.82%,20.14%,44.03%
2008-07-31,40.00%,18.82%,41.18%
2008-08-07,35.61%,21.97%,42.42%
2008-08-14,42.86%,18.18%,38.96%
2008-08-21,38.10%,24.60%,37.30%
2008-08-28,30.68%,23.86%,45.45%
2008-09-04,37.04%,19.75%,43.21%
2008-09-11,29.27%,15.85%,54.88%
2008-09-18,27.21%,18.37%,54.42%
2008-09-25,34.04%,20.21%,45.74%
2008-10-02,33.33%,11.67%,55.00%
2008-10-09,31.47%,7.69%,60.84%
2008-10-16,40.94%,19.30%,39.77%
2008-10-23,38.74%,22.52%,38.74%
2008-10-30,37.14%,22.29%,40.57%
2008-11-06,44.83%,21.84%,33.33%
2008-11-13,38.33%,19.17%,42.50%
2008-11-20,24.37%,18.49%,57.14%
2008-11-27,31.25%,23.86%,44.89%
2008-12-04,26.67%,25.56%,47.78%
2008-12-11,37.50%,22.66%,39.84%
2008-12-18,39.73%,24.66%,35.62%
2008-12-25,28.95%,27.19%,43.86%
2009-01-01,24.00%,21.33%,54.67%
2009-01-08,48.70%,16.23%,35.06%
2009-01-15,27.63%,25.00%,47.37%
2009-01-22,27.21%,26.47%,46.32%
2009-01-29,25.27%,27.47%,47.25%
2009-02-05,24.63%,31.34%,44.03%
2009-02-12,32.91%,27.85%,39.24%
2009-02-19,21.64%,21.64%,56.72%
2009-02-26,24.30%,20.56%,55.14%
2009-03-05,18.92%,10.81%,70.27%
2009-03-12,27.64%,17.89%,54.47%
2009-03-19,45.06%,16.67%,38.27%
2009-03-26,39.13%,18.48%,42.39%
2009-04-02,42.66%,20.28%,37.06%
2009-04-09,35.71%,20.00%,44.29%
2009-04-16,44.14%,20.00%,35.86%
2009-04-23,31.82%,29.55%,38.64%
2009-04-30,36.09%,20.30%,43.61%
2009-05-07,44.09%,22.58%,33.33%
2009-05-14,43.81%,20.95%,35.24%
2009-05-21,33.72%,20.93%,45.35%
2009-05-28,40.37%,11.01%,48.62%
2009-06-04,47.56%,15.85%,36.59%
2009-06-11,39.25%,21.50%,39.25%
2009-06-18,33.33%,20.24%,46.43%
2009-06-25,28.00%,23.20%,48.80%
2009-07-02,37.84%,17.57%,44.59%
2009-07-09,27.91%,17.44%,54.65%
2009-07-16,28.68%,24.26%,47.06%
2009-07-23,37.60%,20.00%,42.40%
2009-07-30,47.67%,20.93%,31.40%
2009-08-06,50.00%,14.84%,35.16%
2009-08-13,51.00%,16.00%,33.00%
2009-08-20,34.07%,25.93%,40.00%
2009-08-27,33.98%,17.48%,48.54%
2009-09-03,37.97%,24.05%,37.97%
2009-09-10,37.33%,18.67%,44.00%
2009-09-17,42.14%,17.86%,40.00%
2009-09-24,39.09%,16.36%,44.55%
2009-10-01,43.55%,20.97%,35.48%
2009-10-08,35.09%,23.68%,41.23%
2009-10-15,47.30%,18.92%,33.78%
2009-10-22,40.48%,23.81%,35.71%
2009-10-29,33.65%,24.04%,42.31%
2009-11-05,22.22%,22.22%,55.56%
2009-11-12,38.60%,22.80%,38.60%
2009-11-19,42.73%,25.45%,31.82%
2009-11-26,41.66%,16.66%,41.66%
2009-12-03,41.58%,24.75%,33.66%
2009-12-10,42.68%,21.95%,35.37%
2009-12-17,42.11%,29.47%,28.42%
2009-12-24,37.68%,24.64%,37.68%
2009-12-31,49.18%,27.87%,22.95%
2010-01-07,41.00%,33.00%,26.00%
2010-01-14,47.44%,25.64%,26.92%
2010-01-21,40.00%,25.26%,34.74%
2010-01-28,35.00%,28.33%,36.67%
2010-02-04,29.23%,27.69%,43.08%
2010-02-11,36.75%,21.37%,41.88%
2010-02-18,35.85%,28.93%,35.22%
2010-02-25,34.89%,35.57%,29.53%
2010-03-04,35.86%,37.93%,26.21%
2010-03-11,45.29%,29.41%,25.29%
2010-03-18,35.37%,34.76%,29.88%
2010-03-25,32.39%,32.95%,34.66%
2010-04-01,41.30%,27.54%,31.16%
2010-04-08,42.86%,26.79%,30.36%
2010-04-15,48.48%,21.82%,29.70%
2010-04-22,38.12%,27.62%,34.25%
2010-04-29,41.36%,30.00%,28.64%
2010-05-06,39.13%,32.30%,28.57%
2010-05-13,36.60%,26.80%,36.60%
2010-05-20,41.30%,25.00%,33.70%
2010-05-27,29.83%,19.30%,50.88%
2010-06-03,37.09%,22.07%,40.85%
2010-06-10,34.48%,22.41%,43.10%
2010-06-17,42.45%,26.89%,30.66%
2010-06-24,34.46%,33.11%,32.43%
2010-07-01,24.68%,33.33%,41.99%
2010-07-08,20.94%,21.99%,57.07%
2010-07-15,39.37%,22.84%,37.80%
2010-07-22,32.16%,22.81%,45.03%
2010-07-29,40.00%,26.67%,33.33%
2010-08-05,30.39%,31.37%,38.24%
2010-08-12,39.76%,30.12%,30.12%
2010-08-19,30.11%,27.42%,42.47%
2010-08-26,20.74%,29.79%,49.47%
2010-09-02,30.80%,27.00%,42.21%
2010-09-09,43.87%,24.51%,31.61%
2010-09-16,50.89%,24.85%,24.26%
2010-09-23,44.97%,29.63%,25.40%
2010-09-30,42.53%,25.86%,31.61%
2010-10-07,49.03%,23.23%,27.74%
2010-10-14,47.10%,26.09%,26.81%
2010-10-21,49.62%,25.19%,25.19%
2010-10-28,51.23%,27.16%,21.60%
2010-11-04,48.23%,21.99%,29.79%
2010-11-11,57.56%,13.95%,28.49%
2010-11-18,40.00%,27.50%,32.50%
2010-11-25,47.40%,27.92%,24.68%
2010-12-02,49.66%,24.14%,26.21%
2010-12-09,53.05%,24.39%,22.56%
2010-12-16,50.23%,22.62%,27.15%
2010-12-23,63.28%,20.31%,16.40%
2010-12-30,51.61%,28.34%,20.05%
2011-01-06,55.88%,25.86%,18.25%
2011-01-13,52.34%,24.22%,23.44%
2011-01-20,50.75%,20.15%,29.10%
2011-01-27,42.04%,23.67%,34.29%
2011-02-03,51.54%,21.59%,26.87%
2011-02-10,49.40%,23.69%,26.91%
2011-02-17,46.58%,27.85%,25.57%
2011-02-24,36.63%,27.23%,36.14%
2011-03-03,36.79%,30.05%,33.16%
2011-03-10,35.97%,31.71%,32.32%
2011-03-17,28.49%,31.39%,40.12%
2011-03-24,37.74%,27.27%,34.97%
2011-03-31,41.81%,27.12%,31.07%
2011-04-07,43.59%,27.56%,28.85%
2011-04-14,42.25%,26.76%,30.99%
2011-04-21,32.16%,36.84%,30.99%
2011-04-28,37.90%,31.45%,30.65%
2011-05-05,35.46%,32.67%,31.87%
2011-05-12,30.77%,33.73%,35.50%
2011-05-19,26.69%,32.02%,41.29%
2011-05-26,25.61%,32.97%,41.42%
2011-06-02,30.18%,36.39%,33.43%
2011-06-09,24.42%,27.91%,47.67%
2011-06-16,29.00%,28.25%,42.75%
2011-06-23,37.46%,26.80%,35.74%
2011-06-30,38.31%,31.49%,30.19%
2011-07-07,41.77%,33.54%,24.68%
2011-07-14,39.31%,31.45%,29.25%
2011-07-21,39.86%,29.54%,30.61%
2011-07-28,37.84%,30.74%,31.42%
2011-08-04,27.16%,22.99%,49.85%
2011-08-11,33.43%,21.79%,44.78%
2011-08-18,35.56%,24.62%,39.82%
2011-08-25,36.44%,22.60%,40.96%
2011-09-01,38.62%,29.04%,32.34%
2011-09-08,30.22%,29.50%,40.29%
2011-09-15,30.50%,28.15%,41.35%
2011-09-22,25.33%,26.67%,48.00%
2011-09-29,32.51%,20.68%,46.79%
2011-10-06,35.23%,19.04%,45.71%
2011-10-13,39.77%,23.86%,36.36%
2011-10-20,35.98%,29.41%,34.60%
2011-10-27,43.00%,32.00%,25.00%
2011-11-03,40.18%,30.20%,29.62%
2011-11-10,44.73%,30.70%,24.56%
2011-11-17,41.93%,27.01%,31.04%
2011-11-24,32.71%,29.01%,38.27%
2011-12-01,33.04%,27.53%,39.42%
2011-12-08,38.57%,26.66%,34.76%
2011-12-15,40.18%,26.16%,33.64%
2011-12-22,33.73%,38.04%,28.24%
2011-12-29,40.60%,28.57%,30.83%
2012-01-05,48.88%,33.95%,17.16%
2012-01-12,49.14%,33.68%,17.18%
2012-01-19,47.23%,29.15%,23.61%
2012-01-26,48.40%,32.69%,18.91%
2012-02-02,43.81%,31.12%,25.08%
2012-02-09,51.64%,28.17%,20.19%
2012-02-16,42.71%,30.65%,26.63%
2012-02-23,43.69%,28.80%,27.51%
2012-03-01,44.51%,28.66%,26.83%
2012-03-08,42.38%,28.62%,29.00%
2012-03-15,45.61%,27.20%,27.20%
2012-03-22,42.38%,29.80%,27.81%
2012-03-29,42.47%,32.05%,25.48%
2012-04-05,38.17%,34.02%,27.80%
2012-04-12,28.14%,30.30%,41.56%
2012-04-19,31.18%,34.98%,33.84%
2012-04-26,27.64%,34.96%,37.40%
2012-05-03,35.40%,36.13%,28.47%
2012-05-10,25.40%,32.54%,42.06%
2012-05-17,23.58%,30.45%,45.97%
2012-05-24,30.47%,30.86%,38.67%
2012-05-31,28.02%,29.96%,42.02%
2012-06-07,27.45%,26.80%,45.75%
2012-06-14,34.04%,30.18%,35.79%
2012-06-21,32.89%,31.23%,35.88%
2012-06-28,28.67%,26.96%,44.37%
2012-07-05,32.64%,34.03%,33.33%
2012-07-12,30.23%,35.05%,34.73%
2012-07-19,22.19%,36.02%,41.79%
2012-07-26,28.12%,28.75%,43.13%
2012-08-02,30.45%,34.63%,34.93%
2012-08-09,36.47%,36.18%,27.35%
2012-08-16,36.84%,35.09%,28.07%
2012-08-23,41.96%,32.17%,25.87%
2012-08-30,34.72%,32.64%,32.64%
2012-09-06,33.06%,33.88%,33.06%
2012-09-13,36.46%,30.56%,32.99%
2012-09-20,37.50%,28.72%,33.78%
2012-09-27,36.10%,27.44%,36.46%
2012-10-04,33.86%,32.91%,33.23%
2012-10-11,30.58%,30.58%,38.85%
2012-10-18,28.66%,26.79%,44.55%
2012-10-25,29.25%,27.67%,43.08%
2012-11-01,35.74%,23.28%,40.98%
2012-11-08,38.50%,21.60%,39.91%
2012-11-15,28.82%,22.35%,48.82%
2012-11-22,35.82%,23.40%,40.78%
2012-11-28,40.93%,24.71%,34.36%
2012-12-06,42.22%,23.17%,34.60%
2012-12-13,43.23%,26.69%,30.08%
2012-12-20,46.40%,28.80%,24.80%
2012-12-27,44.40%,25.37%,30.22%
2013-01-03,38.71%,25.09%,36.20%
2013-01-10,46.45%,26.63%,26.92%
2013-01-17,43.94%,28.73%,27.32%
2013-01-24,52.34%,23.39%,24.27%
2013-01-31,48.04%,27.65%,24.30%
2013-02-07,42.77%,27.67%,29.56%
2013-02-14,42.25%,29.01%,28.73%
2013-02-21,41.79%,25.71%,32.50%
2013-02-28,28.39%,35.02%,36.59%
2013-03-07,31.06%,30.43%,38.51%
2013-03-14,45.42%,22.55%,32.03%
2013-03-21,38.94%,27.72%,33.33%
2013-03-28,38.40%,32.95%,28.65%
2013-04-04,35.49%,36.34%,28.17%
2013-04-11,19.31%,26.21%,54.48%
2013-04-18,26.85%,24.93%,48.22%
2013-04-25,28.29%,32.89%,38.82%
2013-05-02,30.99%,33.10%,35.92%
2013-05-09,40.79%,31.77%,27.44%
2013-05-16,38.49%,32.18%,29.34%
2013-05-23,48.97%,29.45%,21.58%
2013-05-30,35.97%,34.39%,29.64%
2013-06-06,29.47%,31.58%,38.95%
2013-06-13,32.97%,32.43%,34.59%
2013-06-20,37.45%,32.58%,29.96%
2013-06-27,30.28%,34.56%,35.17%
2013-07-04,41.99%,34.16%,23.84%
2013-07-11,48.94%,32.77%,18.30%
2013-07-18,47.74%,31.01%,21.25%
2013-07-25,45.12%,32.32%,22.56%
2013-08-01,35.62%,39.38%,25.00%
2013-08-08,39.50%,33.86%,26.65%
2013-08-15,34.51%,37.32%,28.17%
2013-08-22,28.96%,28.19%,42.86%
2013-08-29,33.54%,35.71%,30.75%
2013-09-05,35.53%,33.22%,31.25%
2013-09-12,45.52%,29.90%,24.58%
2013-09-19,45.11%,25.19%,29.70%
2013-09-26,36.05%,33.33%,30.61%
2013-10-03,37.84%,32.09%,30.07%
2013-10-10,41.33%,25.09%,33.58%
2013-10-17,46.28%,28.80%,24.92%
2013-10-24,49.20%,33.23%,17.57%
2013-10-31,44.97%,33.56%,21.48%
2013-11-07,45.48%,32.71%,21.81%
2013-11-14,39.20%,33.33%,27.47%
2013-11-21,34.39%,36.13%,29.48%
2013-11-28,47.30%,24.44%,28.25%
2013-12-05,42.64%,29.81%,27.55%
2013-12-12,41.27%,33.73%,25.00%
2013-12-19,47.46%,27.46%,25.08%
2013-12-26,55.06%,26.40%,18.54%
2014-01-02,43.09%,27.64%,29.27%
2014-01-09,43.62%,31.38%,25.00%
2014-01-16,38.99%,39.52%,21.49%
2014-01-23,38.12%,38.12%,23.76%
2014-01-30,32.18%,35.06%,32.76%
2014-02-06,27.90%,35.70%,36.41%
2014-02-13,40.15%,32.51%,27.34%
2014-02-20,42.20%,35.00%,22.80%
2014-02-27,39.69%,39.18%,21.13%
2014-03-06,40.51%,32.86%,26.63%
2014-03-13,41.34%,31.84%,26.82%
2014-03-20,36.78%,37.07%,26.15%
2014-03-27,31.16%,40.23%,28.61%
2014-04-03,35.36%,37.86%,26.79%
2014-04-10,28.48%,37.42%,34.11%
2014-04-17,27.22%,38.53%,34.25%
2014-04-24,34.50%,39.47%,26.02%
2014-05-01,29.77%,40.78%,29.45%
2014-05-08,28.34%,42.99%,28.66%
2014-05-15,33.12%,44.27%,22.61%
2014-05-22,30.43%,43.17%,26.40%
2014-05-29,36.46%,40.33%,23.20%
2014-06-05,39.51%,38.27%,22.22%
2014-06-12,44.69%,34.06%,21.25%
2014-06-19,35.17%,40.70%,24.13%
2014-06-26,37.22%,41.69%,21.09%
2014-07-03,38.51%,39.10%,22.39%
2014-07-10,37.64%,33.71%,28.65%
2014-07-17,32.36%,39.16%,28.48%
2014-07-24,29.63%,40.43%,29.94%
2014-07-31,31.12%,37.76%,31.12%
2014-08-07,30.89%,30.89%,38.23%
2014-08-14,39.81%,33.23%,26.96%
2014-08-21,46.11%,30.24%,23.65%
2014-08-28,51.92%,28.85%,19.23%
2014-09-04,44.67%,31.36%,23.96%
2014-09-11,40.38%,33.01%,26.60%
2014-09-18,42.24%,34.78%,22.98%
2014-09-25,41.84%,29.93%,28.23%
2014-10-02,35.42%,33.68%,30.90%
2014-10-09,39.88%,29.14%,30.98%
2014-10-16,42.66%,23.64%,33.70%
2014-10-23,49.69%,27.81%,22.50%
2014-10-30,49.37%,29.56%,21.07%
2014-11-06,52.69%,32.26%,15.05%
2014-11-13,57.93%,22.76%,19.31%
2014-11-20,49.12%,27.06%,23.82%
2014-11-27,52.15%,27.06%,20.79%
2014-12-04,42.68%,31.38%,25.94%
2014-12-11,45.02%,32.65%,22.34%
2014-12-18,38.74%,34.39%,26.88%
2014-12-25,50.94%,30.19%,18.87%
2015-01-01,51.74%,28.96%,19.31%
2015-01-08,41.01%,31.30%,27.70%
2015-01-15,46.11%,32.40%,21.50%
2015-01-22,37.14%,32.06%,30.79%
2015-01-29,44.17%,33.44%,22.39%
2015-02-05,35.49%,32.08%,32.42%
2015-02-12,40.00%,39.67%,20.33%
2015-02-19,47.02%,35.10%,17.88%
2015-02-26,45.37%,34.33%,20.30%
2015-03-05,39.80%,36.84%,23.36%
2015-03-12,31.60%,43.00%,25.41%
2015-03-19,27.16%,41.36%,31.48%
2015-03-26,38.43%,37.19%,24.38%
2015-04-02,35.40%,32.65%,31.96%
2015-04-09,28.70%,47.15%,24.15%
2015-04-16,32.07%,45.15%,22.78%
2015-04-23,31.47%,45.34%,23.19%
2015-04-30,30.84%,47.21%,21.95%
2015-05-07,27.06%,46.10%,26.84%
2015-05-14,26.74%,46.90%,26.36%
2015-05-21,25.21%,49.79%,25.00%
2015-05-28,27.00%,47.86%,25.14%
2015-06-04,27.34%,48.03%,24.63%
2015-06-11,20.04%,47.38%,32.58%
2015-06-18,25.41%,40.29%,34.30%
2015-06-25,35.56%,42.78%,21.67%
2015-07-02,22.61%,42.30%,35.09%
2015-07-09,27.91%,42.92%,29.18%
2015-07-16,30.81%,45.95%,23.24%
2015-07-23,32.54%,41.87%,25.60%
2015-07-30,21.11%,38.19%,40.70%
2015-08-06,24.32%,44.03%,31.66%
2015-08-13,30.45%,33.40%,36.15%
2015-08-20,26.82%,39.85%,33.33%
2015-08-27,32.50%,29.23%,38.27%
2015-09-03,32.38%,35.94%,31.67%
2015-09-10,34.65%,30.34%,35.01%
2015-09-17,33.26%,37.60%,29.13%
2015-09-24,32.12%,39.19%,28.69%
2015-10-01,28.11%,31.98%,39.92%
2015-10-08,37.52%,34.29%,28.19%
2015-10-15,34.08%,38.78%,27.14%
2015-10-22,34.77%,41.21%,24.02%
2015-10-29,40.39%,39.02%,20.59%
2015-11-05,39.00%,42.40%,18.60%
2015-11-12,34.27%,42.72%,23.00%
2015-11-19,30.77%,38.68%,30.55%
2015-11-26,32.36%,41.61%,26.03%
2015-12-03,29.49%,49.31%,21.20%
2015-12-10,28.51%,41.61%,29.89%
2015-12-17,23.87%,36.75%,39.38%
2015-12-24,26.38%,42.13%,31.49%
2015-12-31,25.07%,51.31%,23.62%
2016-01-07,22.17%,39.57%,38.26%
2016-01-14,17.90%,36.58%,45.53%
2016-01-21,21.52%,29.77%,48.71%
2016-01-28,29.75%,30.28%,39.96%
2016-02-04,27.55%,37.74%,34.72%
2016-02-11,19.24%,32.06%,48.70%
2016-02-18,27.56%,34.64%,37.80%
2016-02-25,31.19%,37.39%,31.42%
2016-03-03,32.02%,38.74%,29.25%
2016-03-10,37.36%,38.27%,24.37%
2016-03-17,29.96%,43.18%,26.86%
2016-03-24,33.78%,42.51%,23.71%
2016-03-31,27.18%,47.06%,25.76%
2016-04-07,32.19%,46.35%,21.46%
2016-04-14,27.85%,47.26%,24.89%
2016-04-21,33.41%,42.67%,23.92%
2016-04-28,27.37%,44.03%,28.60%
2016-05-05,22.33%,47.33%,30.34%
2016-05-12,20.41%,48.30%,31.29%
2016-05-19,19.34%,46.56%,34.10%
2016-05-26,17.75%,52.86%,29.39%
2016-06-02,30.17%,40.78%,29.05%
2016-06-09,27.83%,44.34%,27.83%
2016-06-16,25.35%,37.15%,37.50%
2016-06-23,21.97%,42.80%,35.23%
2016-06-30,28.91%,37.67%,33.42%
2016-07-07,31.06%,42.29%,26.65%
2016-07-14,36.87%,38.71%,24.42%
2016-07-21,35.43%,37.85%,26.72%
2016-07-28,31.25%,40.34%,28.41%
2016-08-04,29.79%,43.44%,26.77%
2016-08-11,31.29%,41.95%,26.76%
2016-08-18,35.56%,38.08%,26.36%
2016-08-25,29.42%,40.94%,29.64%
2016-09-01,28.60%,39.87%,31.52%
2016-09-08,29.75%,41.77%,28.48%
2016-09-15,27.94%,36.14%,35.92%
2016-09-22,24.83%,36.89%,38.28%
2016-09-29,24.00%,38.89%,37.11%
2016-10-06,28.79%,43.30%,27.90%
2016-10-13,25.47%,40.80%,33.73%
2016-10-20,23.74%,38.45%,37.82%
2016-10-27,24.75%,41.18%,34.07%
2016-11-03,23.64%,42.05%,34.32%
2016-11-10,38.89%,31.78%,29.33%
2016-11-17,46.65%,26.77%,26.57%
2016-11-24,49.89%,28.03%,22.08%
2016-12-01,43.78%,31.12%,25.10%
2016-12-08,43.12%,30.39%,26.49%
2016-12-15,44.66%,23.01%,32.33%
2016-12-22,44.61%,26.24%,29.15%
2016-12-29,45.57%,28.69%,25.74%
2017-01-05,46.20%,28.57%,25.23%
2017-01-12,43.64%,29.39%,26.97%
2017-01-19,37.01%,30.32%,32.68%
2017-01-26,31.58%,34.93%,33.49%
2017-02-02,32.80%,33.03%,34.17%
2017-02-09,35.80%,36.54%,27.65%
2017-02-16,33.09%,34.55%,32.36%
2017-02-23,38.46%,29.23%,32.31%
2017-03-02,37.91%,26.47%,35.62%
2017-03-09,30.00%,23.50%,46.50%
2017-03-16,31.17%,30.13%,38.70%
2017-03-23,35.28%,34.22%,30.50%
2017-03-30,30.22%,32.40%,37.38%
2017-04-06,28.30%,32.08%,39.62%
2017-04-13,28.97%,33.64%,37.38%
2017-04-20,25.71%,35.59%,38.70%
2017-04-27,38.05%,30.24%,31.71%
2017-05-04,38.07%,31.98%,29.95%
2017-05-11,32.73%,37.05%,30.22%
2017-05-18,23.85%,41.90%,34.25%
2017-05-25,32.86%,37.14%,30.00%
2017-06-01,26.92%,41.54%,31.54%
2017-06-08,35.43%,35.04%,29.53%
2017-06-15,32.27%,38.25%,29.48%
2017-06-22,32.65%,38.44%,28.91%
2017-06-29,29.71%,43.43%,26.86%
2017-07-06,29.58%,40.56%,29.86%
2017-07-13,28.24%,42.13%,29.63%
2017-07-20,35.48%,38.71%,25.81%
2017-07-27,34.46%,41.22%,24.32%
2017-08-03,36.11%,31.79%,32.10%
2017-08-10,33.67%,34.00%,32.33%
2017-08-17,34.17%,33.03%,32.80%
2017-08-24,28.10%,33.61%,38.29%
2017-08-31,25.00%,35.11%,39.89%
2017-09-07,29.28%,34.98%,35.74%
2017-09-14,41.29%,36.74%,21.97%
2017-09-21,40.14%,32.65%,27.21%
2017-09-28,33.33%,37.93%,28.74%
2017-10-05,35.60%,31.60%,32.80%
2017-10-12,39.77%,33.33%,26.90%
2017-10-19,37.93%,34.14%,27.93%
2017-10-26,39.64%,27.33%,33.03%
2017-11-02,45.05%,26.37%,28.57%
2017-11-09,45.10%,31.82%,23.08%
2017-11-16,29.35%,35.43%,35.22%
2017-11-23,35.49%,35.49%,29.01%
2017-11-30,35.95%,32.43%,31.62%
2017-12-07,36.88%,28.90%,34.22%
2017-12-14,45.00%,26.88%,28.13%
2017-12-21,50.50%,23.88%,25.62%
2017-12-28,52.65%,26.72%,20.63%
2018-01-04,59.75%,24.69%,15.56%
2018-01-11,48.67%,26.25%,25.07%
2018-01-18,54.11%,24.50%,21.39%
2018-01-25,45.45%,30.52%,24.03%
2018-02-01,44.77%,26.47%,28.76%
2018-02-08,37.03%,27.96%,35.01%
2018-02-15,48.52%,30.07%,21.41%
2018-02-22,44.65%,32.56%,22.79%
2018-03-01,37.28%,39.31%,23.41%
2018-03-08,26.40%,45.21%,28.38%
2018-03-15,36.84%,41.83%,21.33%
2018-03-22,33.23%,38.28%,28.49%
2018-03-29,31.94%,32.73%,35.33%
2018-04-05,31.90%,31.47%,36.64%
2018-04-12,26.09%,31.16%,42.75%
2018-04-19,37.78%,33.00%,29.22%
2018-04-26,36.91%,37.54%,25.55%
2018-05-03,28.40%,41.36%,30.25%
2018-05-10,33.51%,40.96%,25.53%
2018-05-17,36.68%,42.74%,20.58%
2018-05-24,38.56%,36.27%,25.16%
2018-05-31,35.02%,38.63%,26.35%
2018-06-07,38.93%,34.35%,26.72%
2018-06-14,44.78%,33.52%,21.70%
2018-06-21,38.72%,35.10%,26.18%
2018-06-28,28.45%,30.75%,40.80%
2018-07-05,27.86%,32.87%,39.28%
2018-07-12,43.05%,27.80%,29.15%
2018-07-19,34.66%,40.40%,24.94%
2018-07-26,31.52%,41.58%,26.90%
2018-08-02,29.11%,38.81%,32.08%
2018-08-09,36.36%,32.60%,31.03%
2018-08-16,36.17%,34.75%,29.08%
2018-08-23,38.46%,34.47%,27.07%
2018-08-30,43.50%,32.11%,24.39%
2018-09-06,42.22%,31.48%,26.30%
2018-09-13,32.09%,35.07%,32.84%
2018-09-20,32.04%,35.92%,32.04%
2018-09-27,36.22%,32.68%,31.10%
2018-10-04,45.66%,29.22%,25.11%
2018-10-11,30.61%,33.94%,35.45%
2018-10-18,33.94%,31.05%,35.02%
2018-10-25,27.97%,31.03%,41.00%
2018-11-01,37.93%,27.59%,34.48%
2018-11-08,41.28%,27.52%,31.19%
2018-11-15,35.09%,28.95%,35.96%
2018-11-22,25.25%,27.61%,47.14%
2018-11-29,33.88%,26.64%,39.47%
2018-12-06,37.94%,31.56%,30.50%
2018-12-13,20.90%,30.23%,48.87%
2018-12-20,24.86%,27.84%,47.30%
2018-12-27,31.55%,18.15%,50.30%
2019-01-03,33.02%,24.21%,42.77%
2019-01-10,38.46%,32.17%,29.37%
2019-01-17,33.53%,30.21%,36.25%
2019-01-24,37.66%,30.03%,32.32%
2019-01-31,31.76%,36.49%,31.76%
2019-02-07,39.87%,37.34%,22.78%
2019-02-14,35.10%,39.82%,25.07%
2019-02-21,39.32%,35.29%,25.39%
2019-02-28,41.63%,38.37%,20.00%
2019-03-07,37.39%,35.87%,26.75%
2019-03-14,32.42%,36.52%,31.06%
2019-03-21,37.30%,39.29%,23.41%
2019-03-28,33.20%,39.60%,27.20%
2019-04-04,35.02%,36.71%,28.27%
2019-04-11,40.29%,39.33%,20.38%
2019-04-18,37.56%,40.61%,21.83%
2019-04-25,33.52%,46.31%,20.17%
2019-05-02,39.02%,39.63%,21.34%
2019-05-09,43.12%,33.70%,23.19%
2019-05-16,29.82%,30.88%,39.30%
2019-05-23,24.71%,39.22%,36.08%
2019-05-30,24.79%,35.12%,40.08%
2019-06-06,22.53%,34.89%,42.58%
2019-06-13,26.84%,38.96%,34.20%
2019-06-20,29.51%,38.36%,32.13%
2019-06-27,29.59%,38.36%,32.05%
2019-07-03,33.16%,34.49%,32.35%
2019-07-11,33.61%,38.89%,27.50%
2019-07-18,35.93%,35.43%,28.64%
2019-07-25,31.74%,36.24%,32.02%
2019-08-01,38.44%,37.50%,24.06%
2019-08-08,21.66%,30.15%,48.20%
2019-08-15,23.18%,31.97%,44.85%
2019-08-22,26.64%,33.64%,39.72%
2019-08-29,26.13%,31.66%,42.21%
2019-09-05,28.64%,31.85%,39.51%
2019-09-12,33.13%,35.63%,31.25%
2019-09-19,35.34%,36.84%,27.82%
2019-09-26,29.37%,37.37%,33.26%
2019-10-03,21.37%,39.19%,39.44%
2019-10-10,20.31%,35.73%,43.96%
2019-10-17,33.62%,35.33%,31.05%
2019-10-24,35.60%,36.13%,28.27%
2019-10-31,33.98%,37.59%,28.43%
2019-11-07,40.30%,35.77%,23.93%
2019-11-14,40.72%,34.46%,24.82%
2019-11-21,34.24%,36.72%,29.03%
2019-11-29,33.64%,36.09%,30.28%
2019-12-05,31.72%,39.16%,29.13%
2019-12-12,37.63%,36.32%,26.05%
2019-12-19,44.09%,35.43%,20.47%
2019-12-26,41.89%,36.58%,21.53%
2020-01-02,37.22%,40.91%,21.88%
2020-01-09,33.07%,37.04%,29.89%
2020-01-16,41.83%,30.66%,27.51%
2020-01-23,45.60%,29.63%,24.77%
2020-01-30,31.98%,31.17%,36.86%
2020-02-06,33.87%,30.91%,35.22%
2020-02-13,41.33%,32.27%,26.40%
2020-02-20,40.56%,30.77%,28.67%
2020-02-27,30.43%,30.43%,39.13%
2020-03-05,38.74%,21.62%,39.64%
2020-03-12,29.74%,18.95%,51.31%
2020-03-19,34.35%,14.50%,51.15%
2020-03-26,32.90%,15.03%,52.07%
2020-04-02,34.24%,16.03%,49.73%
2020-04-09,36.60%,18.73%,44.67%
2020-04-16,34.86%,22.39%,42.75%
2020-04-23,24.86%,25.14%,50.00%
2020-04-30,30.60%,25.37%,44.03%
2020-05-07,23.67%,23.67%,52.66%
2020-05-14,23.31%,26.07%,50.61%
2020-05-21,29.00%,25.97%,45.02%
2020-05-28,33.07%,24.80%,42.13%
2020-06-04,34.55%,26.58%,38.87%
2020-06-11,34.28%,27.67%,38.05%
2020-06-18,24.37%,27.85%,47.78%
2020-06-25,24.14%,26.96%,48.90%
2020-07-02,22.15%,31.96%,45.89%
2020-07-09,27.16%,30.17%,42.67%
2020-07-16,30.84%,23.79%,45.37%
2020-07-23,26.06%,27.11%,46.83%
2020-07-30,20.23%,31.30%,48.47%
2020-08-06,23.29%,29.11%,47.60%
2020-08-13,30.04%,27.84%,42.12%
2020-08-20,30.39%,27.21%,42.40%
2020-08-27,32.08%,28.30%,39.62%
2020-09-03,30.80%,27.43%,41.77%
2020-09-10,23.71%,27.84%,48.45%
2020-09-17,32.02%,27.59%,40.39%
2020-09-24,24.89%,29.11%,45.99%
2020-10-01,26.24%,30.69%,43.07%
2020-10-08,34.74%,26.29%,38.97%
2020-10-15,34.78%,29.47%,35.75%
2020-10-22,35.75%,31.22%,33.03%
2020-10-29,35.29%,29.41%,35.29%
2020-11-05,37.96%,30.56%,31.48%
2020-11-12,55.84%,19.29%,24.87%
2020-11-19,44.35%,29.29%,26.36%
2020-11-27,47.25%,25.27%,27.47%
2020-12-03,49.07%,28.25%,22.68%
2020-12-10,48.06%,25.09%,26.86%
2020-12-17,43.43%,30.28%,26.29%
2020-12-24,43.57%,34.44%,21.99%
2020-12-31,46.08%,27.12%,26.80%
2021-01-07,45.19%,23.08%,31.73%
2021-01-21,42.55%,22.98%,34.47%
2021-01-28,37.66%,24.03%,38.31%
2021-02-04,37.35%,27.06%,35.59%
2021-02-11,45.45%,28.28%,26.26%
2021-02-18,47.06%,27.55%,25.39%
2021-02-25,45.93%,30.29%,23.78%
2021-03-04,40.26%,34.42%,25.32%
2021-03-11,49.41%,27.06%,23.53%
2021-03-18,48.94%,27.46%,23.59%
2021-03-25,50.95%,28.48%,20.57%
2021-04-01,45.83%,30.95%,23.21%
2021-04-08,56.91%,22.70%,20.39%
2021-04-15,53.82%,21.59%,24.58%
2021-04-22,52.68%,26.81%,20.50%
2021-04-29,42.57%,31.76%,25.68%
2021-05-06,44.31%,32.55%,23.14%
2021-05-13,36.52%,36.52%,26.96%
2021-05-20,37.03%,36.71%,26.27%
2021-05-27,36.43%,37.14%,26.43%
2021-06-03,44.07%,36.17%,19.76%
2021-06-10,40.23%,39.10%,20.68%
2021-06-17,41.12%,32.71%,26.17%
2021-06-24,40.42%,36.25%,23.33%
2021-07-01,48.65%,29.19%,22.16%
2021-07-08,40.20%,35.29%,24.51%
2021-07-15,36.17%,37.02%,26.81%
2021-07-22,30.65%,38.71%,30.65%
2021-07-29,36.16%,39.73%,24.11%
2021-08-05,36.07%,32.24%,31.69%
2021-08-12,36.97%,31.51%,31.51%
2021-08-19,33.17%,31.73%,35.10%
2021-08-26,39.56%,27.47%,32.97%
2021-09-02,43.43%,23.23%,33.33%
2021-09-09,38.89%,33.89%,27.22%
2021-09-16,22.45%,38.27%,39.29%
2021-09-23,29.90%,30.93%,39.18%
2021-09-30,28.14%,31.14%,40.72%
2021-10-07,25.47%,37.74%,36.79%
2021-10-14,37.91%,30.33%,31.75%
2021-10-21,46.89%,25.36%,27.75%
2021-10-27,39.83%,30.74%,29.44%
2021-11-04,41.50%,32.50%,26.00%
2021-11-11,48.00%,28.00%,24.00%
2021-11-18,38.84%,33.93%,27.23%
2021-11-24,33.81%,30.48%,35.71%
2021-12-02,26.67%,30.95%,42.38%
2021-12-09,29.72%,39.76%,30.52%
2021-12-16,25.24%,35.44%,39.32%
2021-12-23,29.57%,36.56%,33.87%
2021-12-30,37.66%,31.80%,30.54%
2022-01-06,32.76%,33.91%,33.33%
2022-01-13,24.91%,36.80%,38.29%
2022-01-20,20.96%,32.31%,46.72%
2022-01-27,23.14%,23.92%,52.94%
2022-02-03,26.49%,29.85%,43.66%
2022-02-10,24.36%,40.17%,35.47%
2022-02-17,19.25%,37.56%,43.19%
2022-02-24,23.39%,22.94%,53.67%
2022-03-03,30.39%,28.18%,41.44%
2022-03-10,24.00%,30.22%,45.78%
2022-03-17,22.47%,27.75%,49.78%
2022-03-24,32.80%,31.75%,35.45%
2022-03-31,31.88%,40.58%,27.54%
2022-04-07,24.71%,33.91%,41.38%
2022-04-14,15.84%,35.75%,48.42%
2022-04-21,18.87%,37.26%,43.87%
2022-04-28,16.44%,24.20%,59.36%
2022-05-05,26.87%,20.26%,52.86%
2022-05-12,24.32%,26.64%,49.03%
2022-05-19,25.97%,23.64%,50.39%
2022-05-26,19.85%,26.65%,53.50%
2022-06-02,32.02%,30.92%,37.06%
2022-06-09,21.02%,32.10%,46.88%
2022-06-16,19.44%,22.22%,58.33%
2022-06-23,18.20%,22.46%,59.34%
2022-06-30,22.78%,30.52%,46.70%
2022-07-07,19.38%,27.81%,52.81%
2022-07-14,26.89%,26.59%,46.53%
2022-07-21,29.59%,28.22%,42.19%
2022-07-28,27.72%,32.18%,40.10%
2022-08-04,30.56%,30.56%,38.89%
2022-08-11,32.15%,31.19%,36.66%
2022-08-18,33.33%,29.51%,37.15%
2022-08-25,27.70%,29.92%,42.38%
2022-09-01,21.92%,27.67%,50.41%
2022-09-08,18.07%,28.66%,53.27%
2022-09-15,26.13%,27.87%,45.99%
2022-09-22,17.73%,21.40%,60.87%
2022-09-29,19.95%,19.24%,60.81%
2022-10-06,23.92%,21.33%,54.76%
2022-10-13,20.36%,23.71%,55.93%
2022-10-20,22.60%,21.19%,56.21%
2022-10-27,26.59%,27.75%,45.66%
2022-11-03,30.56%,36.54%,32.89%
2022-11-10,25.09%,27.87%,47.04%
2022-11-17,33.45%,26.33%,40.21%
2022-11-24,28.86%,30.90%,40.23%
2022-12-01,24.47%,35.11%,40.43%
2022-12-08,24.73%,33.45%,41.82%
2022-12-15,24.30%,31.08%,44.62%
2022-12-22,20.31%,27.38%,52.31%
2022-12-29,26.49%,25.89%,47.62%
2023-01-05,20.51%,37.50%,41.99%
2023-01-12,24.03%,36.04%,39.93%
2023-01-19,30.97%,35.96%,33.07%
2023-01-26,28.37%,34.96%,36.68%
2023-02-02,29.90%,35.55%,34.55%
2023-02-09,37.50%,37.50%,25.00%
2023-02-16,34.12%,37.06%,28.82%
2023-02-23,21.65%,39.76%,38.59%
2023-03-02,23.38%,31.82%,44.81%
2023-03-09,24.83%,33.45%,41.72%
2023-03-16,19.22%,32.38%,48.40%
2023-03-23,20.95%,30.17%,48.88%
2023-03-30,22.51%,31.87%,45.61%
2023-04-06,33.33%,31.65%,35.02%
2023-04-13,26.05%,39.46%,34.48%
2023-04-20,27.22%,37.66%,35.13%
2023-04-27,24.14%,37.36%,38.51%
2023-05-04,24.08%,31.02%,44.90%
2023-05-11,29.39%,29.39%,41.22%
2023-05-18,22.90%,37.37%,39.73%
2023-05-25,27.38%,32.92%,39.69%
2023-06-01,29.05%,34.12%,36.82%
2023-06-08,44.55%,31.15%,24.30%
2023-06-15,45.18%,32.12%,22.70%
2023-06-22,42.86%,29.39%,27.76%
2023-06-29,41.93%,30.60%,27.47%
2023-07-06,46.39%,29.12%,24.48%
2023-07-13,41.00%,33.14%,25.87%
2023-07-20,51.36%,27.15%,21.49%
2023-07-27,44.91%,30.98%,24.12%
2023-08-03,48.98%,29.70%,21.32%
2023-08-10,44.70%,29.80%,25.50%
2023-08-17,35.89%,33.97%,30.14%
2023-08-24,32.27%,31.81%,35.93%
2023-08-31,33.09%,32.37%,34.53%
2023-09-07,42.19%,28.22%,29.59%
2023-09-14,34.42%,36.36%,29.22%
2023-09-21,31.30%,34.10%,34.61%
2023-09-28,27.79%,31.27%,40.94%
2023-10-05,30.10%,28.32%,41.58%
2023-10-12,40.00%,23.51%,36.49%
2023-10-19,34.07%,31.32%,34.62%
2023-10-26,29.28%,27.54%,43.18%
2023-11-02,24.31%,25.41%,50.28%
2023-11-09,42.60%,30.18%,27.22%
2023-11-16,43.78%,28.11%,28.11%
2023-11-23,45.30%,31.05%,23.65%
2023-11-30,48.76%,31.68%,19.57%
2023-12-07,47.31%,25.27%,27.42%
2023-12-14,51.30%,29.39%,19.31%
2023-12-21,52.92%,26.18%,20.89%
2023-12-28,46.33%,28.61%,25.06%
2024-01-04,48.56%,27.94%,23.50%
2024-01-11,48.59%,27.25%,24.16%
2024-01-18,40.38%,32.86%,26.76%
2024-01-25,39.27%,34.63%,26.10%
2024-02-01,49.07%,26.40%,24.53%
2024-02-08,49.03%,28.41%,22.56%
2024-02-15,42.17%,31.06%,26.77%
2024-02-22,44.28%,29.52%,26.20%
2024-02-29,46.50%,32.17%,21.34%
2024-03-07,51.74%,26.50%,21.77%
2024-03-14,45.90%,32.22%,21.88%
2024-03-21,43.20%,29.61%,27.19%
2024-03-28,50.00%,27.55%,22.45%
2024-04-04,47.29%,30.49%,22.22%
2024-04-11,43.44%,32.51%,24.04%
2024-04-18,38.27%,27.76%,33.96%
2024-04-25,32.13%,33.93%,33.93%
2024-05-02,38.49%,29.02%,32.49%
2024-05-09,40.82%,35.37%,23.81%
2024-05-16,40.86%,35.88%,23.26%
2024-05-23,47.04%,26.64%,26.32%
2024-05-30,39.04%,34.25%,26.71%
2024-06-06,38.97%,29.04%,31.99%
2024-06-13,44.59%,29.73%,25.68%
2024-06-20,44.37%,33.12%,22.51%
2024-06-27,44.49%,27.17%,28.35%
2024-07-04,41.74%,32.17%,26.09%
2024-07-11,49.18%,29.10%,21.72%
2024-07-18,52.75%,23.81%,23.44%
2024-07-25,43.17%,25.09%,31.73%
2024-08-01,44.88%,29.92%,25.20%
2024-08-08,40.54%,22.01%,37.45%
2024-08-15,42.54%,28.57%,28.89%
2024-08-22,51.61%,24.73%,23.66%
2024-08-29,51.16%,21.86%,26.98%
2024-09-05,45.33%,29.76%,24.91%
2024-09-12,39.80%,29.25%,30.95%
2024-09-19,50.83%,22.77%,26.40%
2024-09-26,49.62%,26.69%,23.68%
2024-10-03,45.45%,27.27%,27.27%
2024-10-10,49.01%,30.43%,20.55%
2024-10-17,45.45%,29.17%,25.38%
2024-10-24,37.70%,32.38%,29.92%
2024-10-31,39.49%,29.61%,30.90%
2024-11-07,41.54%,30.88%,27.57%
